name,sex,title_year,federation,flag
"Bernstein, Ossip",M,1950,France,fr
"Boleslavsky, Isaac",M,1950,Soviet Union,ru
"Bondarevsky, Igor",M,1950,Soviet Union,ru
"Botvinnik, Mikhail",M,1950,Soviet Union,ru
"Bronstein, David",M,1950,Soviet Union,ru
"Duras, Oldřich",M,1950,Czechoslovakia,cz
"Euwe, Max",M,1950,Netherlands,nl
"Fine, Reuben",M,1950,United States,us
"Flohr, Salo",M,1950,Soviet Union,ru
"Grünfeld, Ernst",M,1950,Austria,at
"Keres, Paul",M,1950,Soviet Union,ru
"Kostić, Boris",M,1950,Yugoslavia,rs
"Kotov, Alexander",M,1950,Soviet Union,ru
"Levenfish, Grigory",M,1950,Soviet Union,ru
"Lilienthal, Andor",M,1950,Soviet Union,ru
"Maróczy, Géza",M,1950,Hungary,hu
"Mieses, Jacques",M,1950,England,gb-eng
"Najdorf, Miguel",M,1950,Argentina,ar
"Ragozin, Viacheslav",M,1950,Soviet Union,ru
"Reshevsky, Samuel",M,1950,United States,us
"Rubinstein, Akiba",M,1950,Poland,pl
"Smyslov, Vasily",M,1950,Soviet Union,ru
"Ståhlberg, Gideon",M,1950,Sweden,se
"Szabó, László",M,1950,Hungary,hu
"Sämisch, Friedrich",M,1950,West Germany,de
"Tartakower, Savielly",M,1950,France,fr
"Vidmar, Milan",M,1950,Yugoslavia,rs
"Bogoljubow, Efim",M,1951,West Germany,de
"Gligorić, Svetozar",M,1951,Yugoslavia,rs
"Averbakh, Yuri L.",M,1952,Soviet Union,ru
"Eliskases, Erich",M,1952,Argentina,ar
"Geller, Efim",M,1952,Russia,ru
"Petrosian, Tigran",M,1952,Soviet Union,ru
"Pilnik, Herman",M,1952,Argentina,ar
"Taimanov, Mark",M,1952,Soviet Union,ru
"Pirc, Vasja",M,1953,Yugoslavia,rs
"Rossolimo, Nicolas",M,1953,United States,us
"Tolush, Alexander",M,1953,Soviet Union,ru
"Trifunović, Petar",M,1953,Yugoslavia,rs
"Barcza, Gedeon",M,1954,Hungary,hu
"Kashdan, Isaac",M,1954,United States,us
"Pachman, Luděk",M,1954,Czechoslovakia,cz
"Stoltz, Gösta",M,1954,Sweden,se
"Unzicker, Wolfgang",M,1954,West Germany,de
"Filip, Miroslav",M,1955,Czechoslovakia,cz
"Ivkov, Borislav",M,1955,Yugoslavia,rs
"Matanović, Aleksandar",M,1955,Yugoslavia,rs
"Panno, Óscar",M,1955,Argentina,ar
"Spassky, Boris V.",M,1955,Russia,ru
"Korchnoi, Viktor",M,1956,Soviet Union,ru
"Larsen, Bent",M,1956,Denmark,dk
"O'Kelly de Galway, Albéric",M,1956,Belgium,be
"Bisguier, Arthur",M,1957,United States,us
"Evans, Larry",M,1957,United States,us
"Tal, Mikhail",M,1957,Soviet Union,ru
"Benko, Pal",M,1958,United States,us
"Fischer, Robert James",M,1958,United States,us
"Ólafsson, Friðrik",M,1958,Iceland,is
"Donner, Johannes Hendrikus",M,1959,Netherlands,nl
"Schmid, Lothar",M,1959,West Germany,de
"Uhlmann, Wolfgang",M,1959,East Germany,de
"Guimard, Carlos",M,1960,Argentina,ar
"Kholmov, Ratmir",M,1960,Soviet Union,ru
"Lombardy, William",M,1960,United States,us
"Rossetto, Héctor",M,1960,Argentina,ar
"Bobotsov, Milko",M,1961,Bulgaria,bg
"Portisch, Lajos",M,1961,Hungary,hu
"Robatsch, Karl",M,1961,Austria,at
"Vasiukov, Evgeni",M,1961,Russia,ru
"Bilek, István",M,1962,Hungary,hu
"Polugaevsky, Lev",M,1962,Soviet Union,ru
"Pomar, Arturo",M,1962,Spain,es
"Simagin, Vladimir",M,1962,Soviet Union,ru
"Stein, Leonid",M,1962,Soviet Union,ru
"Udovčić, Mijo",M,1962,Yugoslavia,rs
"Parma, Bruno",M,1963,Yugoslavia,rs
"Tringov, Georgi",M,1963,Bulgaria,bg
"Antoshin, Vladimir",M,1964,Russia,ru
"Byrne, Robert",M,1964,United States,us
"Damjanović, Mato",M,1964,Yugoslavia,rs
"Darga, Klaus",M,1964,West Germany,de
"Krogius, Nikolai V.",M,1964,Soviet Union,ru
"Lengyel, Levente",M,1964,Hungary,hu
"Padevsky, Nikola",M,1964,Bulgaria,bg
"Yanofsky, Daniel",M,1964,Canada,ca
"Gheorghiu, Florin",M,1965,Romania,ro
"Hort, Vlastimil",M,1965,Czechoslovakia,cz
"Janošević, Dragoljub",M,1965,Yugoslavia,rs
"Liberzon, Vladimir",M,1965,Soviet Union,ru
"Matulović, Milan",M,1965,Yugoslavia,rs
"Pietzsch, Wolfgang",M,1965,East Germany,de
"Shamkovich, Leonid",M,1965,Soviet Union,ru
"Suetin, Alexey",M,1965,Russia,ru
"Čirić, Dragoljub",M,1965,Yugoslavia,rs
"Furman, Semyon",M,1966,Soviet Union,ru
"Kavalek, Lubomir",M,1966,United States,us
"Bárczay, László",M,1967,Hungary,hu
"Gipslis, Aivars",M,1967,Soviet Union,ru
"Gufeld, Eduard",M,1967,Ukraine,ua
"Zaitsev, Alexander",M,1967,Soviet Union,ru
"Lein, Anatoly",M,1968,Soviet Union,ru
"Browne, Walter",M,1970,Australia,au
"Gurgenidze, Bukhuti",M,1970,Soviet Union,ru
"Karpov, Anatoly",M,1970,Soviet Union,ru
"Hübner, Robert",M,1971,West Germany,de
"Ljubojević, Ljubomir",M,1971,Yugoslavia,rs
"Vaganian, Rafael A.",M,1971,Soviet Union,ru
"Andersson, Ulf",M,1972,Sweden,se
"Mecking, Henrique",M,1972,Brazil,br
"Planinec, Albin",M,1972,Yugoslavia,rs
"Radulov, Ivan",M,1972,Bulgaria,bg
"Smejkal, Jan",M,1972,Czechoslovakia,cz
"Tukmakov, Vladimir B.",M,1972,Soviet Union,ru
"Adorján, András",M,1973,Hungary,hu
"Balashov, Yuri S.",M,1973,Soviet Union,ru
"Csom, István",M,1973,Hungary,hu
"Hecht, Hans-Joachim",M,1973,Germany,de
"Kuzmin, Gennady",M,1973,Ukraine,ua
"Quinteros, Miguel A.",M,1973,Argentina,ar
"Ribli, Zoltán",M,1973,Hungary,hu
"Savon, Vladimir",M,1973,Soviet Union,ru
"Suttles, Duncan",M,1973,Canada,ca
"Velimirović, Dragoljub",M,1973,Yugoslavia,rs
"Díez del Corral, Jesús",M,1974,Spain,es
"Forintos, Győző",M,1974,Hungary,hu
"Jansa, Vlastimil",M,1974,Czechoslovakia,cz
"Kurajica, Bojan",M,1974,Yugoslavia,rs
"Lutikov, Anatoly",M,1974,Soviet Union,ru
"Mariotti, Sergio",M,1974,Italy,it
"Sax, Gyula",M,1974,Hungary,hu
"Timman, Jan H.",M,1974,Netherlands,nl
"Torre, Eugenio",M,1974,Philippines,ph
"Beliavsky, Alexander G.",M,1975,Soviet Union,ru
"García Martínez, Silvino",M,1975,Cuba,cu
"Kirov, Nino",M,1975,Bulgaria,bg
"Knaak, Rainer",M,1975,East Germany,de
"Malich, Burkhard",M,1975,East Germany,de
"Marović, Dražen",M,1975,Yugoslavia,rs
"Ostojić, Predrag",M,1975,Yugoslavia,rs
"Pfleger, Helmut",M,1975,West Germany,de
"Sigurjónsson, Guðmundur",M,1975,Iceland,is
"Tseshkovsky, Vitaly",M,1975,Soviet Union,ru
"Vukić, Milan",M,1975,Yugoslavia,rs
"Westerinen, Heikki M. J.",M,1975,Finland,fi
"Balinas, Rosendo Jr.",M,1976,Philippines,ph
"Bukić, Enver",M,1976,Yugoslavia,rs
"Faragó, Iván",M,1976,Hungary,hu
"García González, Guillermo",M,1976,Cuba,cu
"Gulko, Boris",M,1976,Soviet Union,ru
"Hulak, Krunoslav",M,1976,Yugoslavia,rs
"Keene, Raymond D.",M,1976,England,gb-eng
"Knežević, Milorad",M,1976,Yugoslavia,rs
"Kovačević, Vlatko",M,1976,Yugoslavia,rs
"Kraidman, Yair",M,1976,Israel,il
"Makarichev, Sergey",M,1976,Soviet Union,ru
"Miles, Anthony J.",M,1976,England,gb-eng
"Raičević, Vladimir",M,1976,Yugoslavia,rs
"Razuvaev, Yuri",M,1976,Soviet Union,ru
"Romanishin, Oleg M.",M,1976,Soviet Union,ru
"Schmidt, Włodzimierz",M,1976,Poland,pl
"Sosonko, Gennadi",M,1976,Soviet Union,ru
"Spassov, Liuben",M,1976,Bulgaria,bg
"Tarjan, James",M,1976,United States,us
"Vadász, László",M,1976,Hungary,hu
"Vogt, Lothar",M,1976,Germany,de
"Zaitsev, Igor A.",M,1976,Russia,ru
"Alburt, Lev",M,1977,Soviet Union,ru
"Bolbochán, Julio",M,1977,Argentina,ar
"Canal, Esteban",M,1977,Peru,pe
"Christiansen, Larry",M,1977,United States,us
"Dzindzichashvili, Roman",M,1977,Soviet Union,ru
"Ermenkov, Evgenij",M,1977,Bulgaria,bg
"Giorgadze, Tamaz",M,1977,Soviet Union,ru
"Kochyev, Alexander",M,1977,Soviet Union,ru
"Milić, Borislav",M,1977,Yugoslavia,rs
"Rajković, Dušan",M,1977,Yugoslavia,rs
"Rodríguez Céspedes, Amador",M,1977,Spain,es
"Stean, Michael F.",M,1977,England,gb-eng
"Sveshnikov, Evgeny",M,1977,Soviet Union,ru
"Torre Repetto, Carlos",M,1977,Mexico,mx
"Bagirov, Vladimir",M,1978,Soviet Union,ru
"Bellón López, Juan Manuel",M,1978,Spain,es
"Biyiasas, Peter",M,1978,Canada,ca
"Ciocâltea, Victor",M,1978,Romania,ro
"Dorfman, Iossif",M,1978,Soviet Union,ru
"Gaprindashvili, Nona",F,1978,Soviet Union,ru
"Hernández Onna, Román",M,1978,Cuba,cu
"Ivanović, Božidar",M,1978,Yugoslavia,rs
"Marjanović, Slavoljub",M,1978,Yugoslavia,rs
"Mikhalchishin, Adrian",M,1978,Soviet Union,ru
"Nemet, Ivan",M,1978,Yugoslavia,rs
"Nikolić, Stanimir",M,1978,Yugoslavia,rs
"Nunn, John D. M.",M,1978,England,gb-eng
"Palatnik, Semon",M,1978,Soviet Union,ru
"Plachetka, Ján",M,1978,Czechoslovakia,cz
"Rodríguez Vargas, Orestes",M,1978,Peru,pe
"Rogoff, Kenneth",M,1978,United States,us
"Suradiradja, Herman",M,1978,Indonesia,id
"Šahović, Dragutin",M,1978,Yugoslavia,rs
"Șubă, Mihai",M,1978,Romania,ro
"Martinović, Slobodan",M,1979,Yugoslavia,rs
"Nikolac, Juraj",M,1979,Yugoslavia,rs
"Nogueiras Santiago, Jesús",M,1979,Cuba,cu
"Spiridonov, Nikola",M,1979,Bulgaria,bg
"Flesch, János",M,1980,Hungary,hu
"Ftáčnik, Ľubomír",M,1980,Slovakia,sk
"Gruenfeld, Yehuda",M,1980,Israel,il
"Jussupow, Artur",M,1980,Soviet Union,ru
"Kasparov, Garry",M,1980,Soviet Union,ru
"Kuligowski, Adam",M,1980,Poland,pl
"Kupreichik, Viktor",M,1980,Soviet Union,ru
"Mednis, Edmar",M,1980,United States,us
"Panchenko, Alexander",M,1980,Soviet Union,ru
"Rashkovsky, Nukhim N.",M,1980,Soviet Union,ru
"Ree, Hans",M,1980,Netherlands,nl
"Seirawan, Yasser",M,1980,United States,us
"Soltis, Andrew",M,1980,United States,us
"Speelman, Jon S.",M,1980,England,gb-eng
"Timoscenko, Gennadij",M,1980,Soviet Union,ru
"Denker, Arnold",M,1981,United States,us
"Popović, Petar",M,1981,Yugoslavia,rs
"Rantanen, Yrjö",M,1981,Finland,fi
"Djurić, Stefan",M,1982,Yugoslavia,rs
"Dolmatov, Sergey",M,1982,Soviet Union,ru
"Henley, Ron",M,1982,United States,us
"Inkiov, Ventzislav",M,1982,Bulgaria,bg
"Karlsson, Lars",M,1982,Sweden,se
"Lechtýnský, Jiří",M,1982,Czech Republic,cz
"Lobron, Eric",M,1982,Germany,de
"Mestel, A. Jonathan",M,1982,England,gb-eng
"Pintér, József",M,1982,Hungary,hu
"Prins, Lodewijk",M,1982,Netherlands,nl
"Psakhis, Lev",M,1982,Soviet Union,ru
"Sanguineti, Raúl",M,1982,Argentina,ar
"Van der Wiel, John T. H.",M,1982,Netherlands,nl
"Velikov, Petar",M,1982,Bulgaria,bg
"Alatortsev, Vladimir",M,1983,Soviet Union,ru
"Chandler, Murray G.",M,1983,New Zealand,nz
"Espig, Lutz",M,1983,Germany,de
"Gurevich, Dmitry",M,1983,United States,us
"Klarić, Zlatko",M,1983,Yugoslavia,rs
"Konstantinopolsky, Alexander",M,1983,Soviet Union,ru
"Lundin, Erik",M,1983,Sweden,se
"Nikolić, Predrag",M,1983,Yugoslavia,rs
"Abramović, Boško",M,1984,Yugoslavia,rs
"Agzamov, Georgy",M,1984,Soviet Union,ru
"Böök, Eero",M,1984,Finland,fi
"Chekhov, Valery A.",M,1984,Soviet Union,ru
"Chiburdanidze, Maia",F,1984,Soviet Union,ru
"Gavrikov, Viktor",M,1984,Soviet Union,ru
"Kudrin, Sergey",M,1984,United States,us
"Lputian, Smbat G.",M,1984,Soviet Union,ru
"Mokry, Karel",M,1984,Czechoslovakia,cz
"Petrosian, Arshak B.",M,1984,Armenia,am
"Puc, Stojan",M,1984,Yugoslavia,rs
"Short, Nigel D.",M,1984,England,gb-eng
"Simić, Radoslav",M,1984,Yugoslavia,rs
"Sokolov, Andrei",M,1984,Soviet Union,ru
"Zaichik, Gennadi",M,1984,Soviet Union,ru
"Zapata, Alonso",M,1984,Colombia,co
"Agdestein, Simen",M,1985,Norway,no
"Cebalo, Mišo",M,1985,Yugoslavia,rs
"Chernin, Alexander",M,1985,Soviet Union,ru
"De Firmian, Nick",M,1985,United States,us
"García Palermo, Carlos Horacio",M,1985,Argentina,ar
"Georgiev, Kiril",M,1985,Bulgaria,bg
"Golombek, Harry",M,1985,England,gb-eng
"Hansen, Curt",M,1985,Denmark,dk
"Hjartarson, Jóhann",M,1985,Iceland,is
"Monticelli, Mario",M,1985,Italy,it
"Plaskett, H. James",M,1985,England,gb-eng
"Rogers, Ian",M,1985,Australia,au
"Spraggett, Kevin",M,1985,Canada,ca
"Vaisser, Anatoli",M,1985,Soviet Union,ru
"Ólafsson, Helgi",M,1985,Iceland,is
"Šajtar, Jaroslav",M,1985,Czechoslovakia,cz
Ardiansyah,M,1986,Indonesia,id
"Barlov, Dragan",M,1986,Yugoslavia,rs
"Benjamin, Joel",M,1986,United States,us
"Bönsch, Uwe",M,1986,West Germany,de
"Cámpora, Daniel H.",M,1986,Argentina,ar
"Dake, Arthur",M,1986,United States,us
"Dlugy, Maxim",M,1986,United States,us
"Eingorn, Vereslav S.",M,1986,Soviet Union,ru
"Fedorowicz, John",M,1986,United States,us
"Fernández Garcia, José Luís",M,1986,Spain,es
"Ghițescu, Theodor",M,1986,Romania,ro
"Granda Zúñiga, Julio E",M,1986,Peru,pe
"Groszpeter, Attila",M,1986,Hungary,hu
"Gurevich, Mikhail",M,1986,Soviet Union,ru
"Gutman, Lev",M,1986,Israel,il
"Lau, Ralf",M,1986,West Germany,de
"Lerner, Konstantin",M,1986,Soviet Union,ru
"Lukács, Péter",M,1986,Hungary,hu
"Morovic Fernández, Iván",M,1986,Chile,cl
"Pétursson, Margeir",M,1986,Iceland,is
"Salov, Valery",M,1986,Soviet Union,ru
"Sunye Neto, Jaime",M,1986,Brazil,br
"Wahyuwidayat, Utut Adianto",M,1986,Indonesia,id
"Árnason, Jón L.",M,1986,Iceland,is
"Barbero, Gerardo",M,1987,Argentina,ar
"Cvitan, Ognjen",M,1987,Yugoslavia,rs
"Ehlvest, Jaan",M,1987,Soviet Union,ru
"Flear, Glenn C.",M,1987,England,gb-eng
"Makogonov, Vladimir",M,1987,Soviet Union,ru
"Malaniuk, Vladimir",M,1987,Soviet Union,ru
"Meduna, Eduard",M,1987,Czechoslovakia,cz
"Mikėnas, Vladas",M,1987,Lithuania,lt
"Murey, Jacob",M,1987,Israel,il
"Murshed, Niaz",M,1987,Bangladesh,bd
"Pigusov, Evgeny",M,1987,Russia,ru
"Rivas Pastor, Manuel",M,1987,Spain,es
"Smagin, Sergey",M,1987,Soviet Union,ru
"Sokolov, Ivan",M,1987,Yugoslavia,rs
"Zeitlein, Michael",M,1987,Soviet Union,ru
"Śliwa, Bogdan",M,1987,Poland,pl
"Anand, Viswanathan",M,1988,India,in
"Azmaiparashvili, Zurab",M,1988,Soviet Union,ru
"Dizdarević, Emir",M,1988,Yugoslavia,rs
"Dokhoian, Yury",M,1988,Soviet Union,ru
"Georgiev, Krum",M,1988,Bulgaria,bg
"Hellers, Ferdinand",M,1988,Sweden,se
"Hickl, Jörg",M,1988,Germany,de
"Hodgson, Julian M.",M,1988,England,gb-eng
"Illescas Cordoba, Miguel",M,1988,Spain,es
"Ivanchuk, Vasyl",M,1988,Soviet Union,ru
"Kaidanov, Gregory",M,1988,Soviet Union,ru
"Kindermann, Stefan",M,1988,West Germany,de
"Klinger, Josef",M,1988,Austria,at
"Koltanowski, George",M,1988,Belgium,be
"Lalić, Bogdan",M,1988,Yugoslavia,rs
"Lukov, Valentin",M,1988,Bulgaria,bg
"Milos, Gilberto",M,1988,Brazil,br
"Rohde, Michael",M,1988,United States,us
"Schüssler, Harry",M,1988,Sweden,se
"Ubilava, Elizbar",M,1988,Soviet Union,ru
"Vera González-Quevedo, Reynaldo",M,1988,Cuba,cu
"Wilder, Michael",M,1988,United States,us
"Adams, Michael",M,1989,England,gb-eng
"Bareev, Evgeny",M,1989,Soviet Union,ru
"Damljanović, Branko",M,1989,Yugoslavia,rs
"Dreev, Aleksey",M,1989,Russia,ru
"Gelfand, Boris",M,1989,Soviet Union,ru
"Goldin, Alexander",M,1989,Soviet Union,ru
"Greenfeld, Alon",M,1989,Israel,il
"King, Daniel J.",M,1989,England,gb-eng
"Kouatly, Bachar",M,1989,France,fr
"Kožul, Zdenko",M,1989,Yugoslavia,rs
"Krasenkow, Michał",M,1989,Soviet Union,ru
"Mohr, Stefan",M,1989,Germany,de
"Norwood, David R.",M,1989,England,gb-eng
"Piket, Jeroen",M,1989,Netherlands,nl
"Todorčević Antić, Miodrag",M,1989,Yugoslavia,rs
"Van der Sterren, Paul",M,1989,Netherlands,nl
"Vladimirov, Yevgeniy",M,1989,Soviet Union,ru
"Vyzmanavin, Alexey",M,1989,Russia,ru
"Wahls, Matthias",M,1989,Germany,de
"Arencibia Rodríguez, Walter",M,1990,Cuba,cu
"Bischoff, Klaus",M,1990,West Germany,de
"Dautov, Rustem",M,1990,Soviet Union,ru
"Donchev, Dimitar I.",M,1990,Bulgaria,bg
"Dvoirys, Semen I.",M,1990,Russia,ru
"Epishin, Vladimir",M,1990,Soviet Union,ru
"Ernst, Thomas",M,1990,Sweden,se
"Franco Ocampos, Zenón",M,1990,Spain,es
"Fuderer, Andrija",M,1990,Yugoslavia,rs
"Gallagher, Joseph G.",M,1990,Switzerland,ch
"Glek, Igor",M,1990,Soviet Union,ru
"Hansen, Lars Bo",M,1990,Denmark,dk
"Horvath, Jozsef",M,1990,Hungary,hu
"Janjghava, Lasha",M,1990,Soviet Union,ru
"Kamsky, Gata",M,1990,United States,us
"Khalifman, Alexander",M,1990,Russia,ru
"Kosten, Anthony C.",M,1990,England,gb-eng
"Kotronias, Vasilios",M,1990,Greece,gr
"Lautier, Joël",M,1990,France,fr
"Levitt, Jonathan P.",M,1990,England,gb-eng
"Marić, Rudolf",M,1990,Yugoslavia,rs
"Naumkin, Igor",M,1990,Russia,ru
"Novikov, Igor",M,1990,Ukraine,ua
"Oll, Lembit",M,1990,Soviet Union,ru
"Pähtz, Thomas",M,1990,Germany,de
"Rechlis, Gad",M,1990,Israel,il
"Renet, Olivier",M,1990,France,fr
"Shirov, Alexei",M,1990,Soviet Union,ru
"Shneider, Aleksandr",M,1990,Ukraine,ua
"Skembris, Spyridon",M,1990,Greece,gr
"Smirin, Ilia",M,1990,Soviet Union,ru
"Spasov, Vasil",M,1990,Bulgaria,bg
"Tischbierek, Raj",M,1990,Germany,de
"Tolnai, Tibor",M,1990,Hungary,hu
"Watson, William N.",M,1990,England,gb-eng
"Wedberg, Tom",M,1990,Sweden,se
"Wojtkiewicz, Aleksander",M,1990,Poland,pl
"Wolff, Patrick",M,1990,United States,us
"Yakovich, Yuri",M,1990,Russia,ru
Ye Rongguang,M,1990,China,cn
"Yrjölä, Jouni",M,1990,Finland,fi
"Yudasin, Leonid",M,1990,Soviet Union,ru
"Akopian, Vladimir",M,1991,Armenia,am
"Arkhipov, Sergey",M,1991,Russia,ru
"Barua, Dibyendu",M,1991,India,in
"Bologan, Victor",M,1991,Moldova,md
"Cifuentes Parada, Roberto",M,1991,Netherlands,nl
"Conquest, Stuart C.",M,1991,England,gb-eng
"Dizdar, Goran",M,1991,Yugoslavia,rs
"Hector, Jonny",M,1991,Sweden,se
"Hertneck, Gerald",M,1991,Germany,de
"Huzman, Alexander",M,1991,Israel,il
"Ivanov, Alexander",M,1991,United States,us
"Komljenović, Davorin",M,1991,Croatia,hr
"Loginov, Valery A",M,1991,Russia,ru
"Machulsky, Anatoly",M,1991,Russia,ru
"Minić, Dragoljub",M,1991,Yugoslavia,rs
"Neverov, Valeriy",M,1991,Ukraine,ua
"Polgar, Susan",F,1991,Hungary,hu
"Rozentalis, Eduardas",M,1991,Lithuania,lt
"Ruban, Vadim",M,1991,Russia,ru
"Shabalov, Alexander",M,1991,United States,us
"Sturua, Zurab",M,1991,Georgia,ge
"Tiviakov, Sergei",M,1991,Russia,ru
"Ulybin, Mikhail",M,1991,Russia,ru
"Ķeņģis, Edvīns",M,1991,Latvia,lv
"Alterman, Boris",M,1992,Ukraine,ua
"Aseev, Konstantin",M,1992,Russia,ru
"Cramling, Pia",F,1992,Sweden,se
"Efimov, Igor",M,1992,Georgia,ge
"Fishbein, Alexander",M,1992,United States,us
"García, Gildardo",M,1992,Colombia,co
"Graf, Alexander",M,1992,Uzbekistan,uz
"Hebden, Mark L.",M,1992,England,gb-eng
"Kharlov, Andrei",M,1992,Russia,ru
"Khenkin, Igor",M,1992,Russia,ru
"Kovalev, Andrei",M,1992,Belarus,by
"Kramnik, Vladimir",M,1992,Russia,ru
"Kveinys, Aloyzas",M,1992,Lithuania,lt
"Lanka, Zigurds",M,1992,Latvia,lv
"Lehmann, Heinz",M,1992,West Germany,de
"Lutz, Christopher",M,1992,Germany,de
"Magerramov, Elmar",M,1992,Azerbaijan,az
"McNab, Colin A.",M,1992,Scotland,gb-sct
"Minasian, Artashes",M,1992,Armenia,am
"Moskalenko, Viktor",M,1992,Ukraine,ua
"Motwani, Paul",M,1992,Scotland,gb-sct
"Polgar, Judit",F,1992,Hungary,hu
"Schlosser, Philipp",M,1992,Germany,de
"Serper, Grigory",M,1992,Uzbekistan,uz
"Sher, Miron",M,1992,United States,us
"Sisniega Campbell, Marcel",M,1992,Mexico,mx
"Sorokin, Maxim",M,1992,Russia,ru
"Teschner, Rudolf",M,1992,West Germany,de
"Topalov, Veselin",M,1992,Bulgaria,bg
"Urday, Henry",M,1992,Peru,pe
"Yermolinsky, Alex",M,1992,United States,us
"Štohl, Igor",M,1992,Slovakia,sk
"Almási, Zoltán",M,1993,Hungary,hu
"Anastasian, Ashot",M,1993,Armenia,am
"Antonio, Rogelio Jr.",M,1993,Philippines,ph
"Blatný, Pavel",M,1993,Czech Republic,cz
"Bogdanovski, Vlatko",M,1993,North Macedonia,mk
"Bouaziz, Slim",M,1993,Tunisia,tn
"Bykhovsky, Avigdor",M,1993,Russia,ru
"Davies, Nigel R",M,1993,England,gb-eng
"Dimitrov, Vladimir",M,1993,Bulgaria,bg
"Draško, Milan",M,1993,Yugoslavia (S&M),rs
"Fominyh, Alexander",M,1993,Russia,ru
"Giorgadze, Giorgi Gel",M,1993,Georgia,ge
"Gleizerov, Evgeny",M,1993,Russia,ru
"Gofshtein, Leonid",M,1993,Israel,il
"Grivas, Efstratios",M,1993,Greece,gr
"Gurevich, Ilya",M,1993,United States,us
"Horvath, Csaba",M,1993,Hungary,hu
"Hráček, Zbyněk",M,1993,Czech Republic,cz
"Ibragimov, Ildar",M,1993,Russia,ru
"Ivanov, Mikhail M.",M,1993,Russia,ru
"Kharitonov, Andrei",M,1993,Russia,ru
"Kolev, Atanas",M,1993,Bulgaria,bg
"Kuczyński, Robert",M,1993,Poland,pl
"Mainka, Romuald",M,1993,Germany,de
"Makarov, Marat",M,1993,Russia,ru
"Mališauskas, Vidmantas",M,1993,Lithuania,lt
"Marin, Mihail",M,1993,Romania,ro
"Miladinović, Igor",M,1993,Yugoslavia (S&M),rs
"Milov, Vadim",M,1993,Switzerland,ch
"Mitkov, Nikola",M,1993,North Macedonia,mk
"Nevednichy, Vladislav",M,1993,Romania,ro
"Nijboer, Friso",M,1993,Netherlands,nl
"Palac, Mladen",M,1993,Croatia,hr
"Pavlović, Miloš",M,1993,Yugoslavia (S&M),rs
"Penrose, Jonathan",M,1993,England,gb-eng
"Piskov, Yury",M,1993,Russia,ru
"Poluljahov, Aleksandr",M,1993,Russia,ru
"Sadler, Matthew D.",M,1993,England,gb-eng
"Sakaev, Konstantin",M,1993,Russia,ru
"Savchenko, Stanislav",M,1993,Ukraine,ua
"Schwartzman, Gabriel",M,1993,Romania,ro
"Shcherbakov, Ruslan",M,1993,Russia,ru
"Sherzer, Alex",M,1993,United States,us
"Solozhenkin, Evgeniy",M,1993,Russia,ru
"Stangl, Markus",M,1993,Germany,de
"Stefánsson, Hannes",M,1993,Iceland,is
"Tisdall, Jonathan D.",M,1993,Norway,no
"Van Wely, Loek",M,1993,Netherlands,nl
Xie Jun,F,1993,China,cn
Ye Jiangchuan,M,1993,China,cn
"Zagrebelny, Sergey",M,1993,Uzbekistan,uz
"Antunes, António",M,1994,Portugal,pt
"Arbakov, Valentin",M,1994,Russia,ru
"Asanov, Bolat",M,1994,Kazakhstan,kz
"Atalık, Suat",M,1994,Turkey,tr
"Beim, Valeri",M,1994,Israel,il
"Beshukov, Sergei",M,1994,Russia,ru
"Brodsky, Michail",M,1994,Ukraine,ua
"Brunner, Lucas",M,1994,Switzerland,ch
"Burmakin, Vladimir",M,1994,Russia,ru
"Grétarsson, Helgi Áss",M,1994,Iceland,is
"Hamdouchi, Hicham",M,1994,Morocco,ma
"Handoko, Edhi",M,1994,Indonesia,id
"Ilinčić, Zlatko",M,1994,Yugoslavia (S&M),rs
"Istrățescu, Andrei",M,1994,Romania,ro
"Izeta Txabarri, Félix",M,1994,Spain,es
"Komarov, Dimitri",M,1994,Ukraine,ua
"Kosashvili, Yona",M,1994,Israel,il
"Legky, Nikolay A.",M,1994,Ukraine,ua
"Leko, Peter",M,1994,Hungary,hu
"Lev, Ronen",M,1994,Israel,il
"Luther, Thomas",M,1994,Germany,de
"Magem Badals, Jordi",M,1994,Spain,es
"Morozevich, Alexander",M,1994,Russia,ru
"Movsziszian, Karen",M,1994,Armenia,am
"Nielsen, Peter Heine",M,1994,Denmark,dk
"Onischuk, Alexander",M,1994,Ukraine,ua
"Pushkov, Nikolai",M,1994,Russia,ru
"Rotstein, Arkadij",M,1994,Ukraine,ua
"Rublevsky, Sergei",M,1994,Russia,ru
"Sagalchik, Gennadij",M,1994,United States,us
"Schmittdiel, Eckhard",M,1994,Germany,de
"Sermek, Dražen",M,1994,Slovenia,si
"Soffer, Ram",M,1994,Israel,il
"Svidler, Peter",M,1994,Russia,ru
"Székely, Péter",M,1994,Hungary,hu
"Timoshenko, Georgy",M,1994,Ukraine,ua
"Tregubov, Pavel V.",M,1994,Russia,ru
"Vaulin, Alexander",M,1994,Russia,ru
"Wells, Peter K.",M,1994,England,gb-eng
Xu Jun,M,1994,China,cn
"Yemelin, Vasily",M,1994,Russia,ru
"Zarnicki, Pablo",M,1994,Argentina,ar
"Zlochevsky, Aleksandr",M,1994,Russia,ru
"Zvjaginsev, Vadim",M,1994,Russia,ru
"Apicella, Manuel",M,1995,France,fr
"Arkell, Keith C.",M,1995,England,gb-eng
"Chuchelov, Vladimir",M,1995,Belgium,be
"Dydyshko, Viacheslav",M,1995,Belarus,by
"Emms, John M.",M,1995,England,gb-eng
"Fedorov, Alexei",M,1995,Belarus,by
"Finkel, Alexander",M,1995,Israel,il
"Gausel, Einar J.",M,1995,Norway,no
"Guliev, Sarhan",M,1995,Azerbaijan,az
"Har-Zvi, Ronen",M,1995,Israel,il
"Hernández Guerrero, Gilberto",M,1995,Mexico,mx
"Howell, James C.",M,1995,England,gb-eng
"Ivanov, Sergey",M,1995,Russia,ru
"Janovsky, Sergey",M,1995,Russia,ru
"Johansen, Darryl K.",M,1995,Australia,au
"Komliakov, Viktor",M,1995,Moldova,md
"Korneev, Oleg",M,1995,Russia,ru
"Kosić, Dragan",M,1995,Yugoslavia (S&M),rs
"Kruppa, Yuri",M,1995,Ukraine,ua
"Kuzmin, Alexey",M,1995,Russia,ru
"Kállai, Gábor",M,1995,Hungary,hu
"Landa, Konstantin",M,1995,Russia,ru
"Lazić, Miroljub",M,1995,Yugoslavia (S&M),rs
"Liss, Eran",M,1995,Israel,il
"Lupu, Mircea-Sergiu",M,1995,Romania,ro
"Maksimenko, Andrei",M,1995,Ukraine,ua
"Nikolaidis, Ioannis",M,1995,Greece,gr
"Prié, Éric",M,1995,France,fr
"Rogozenco, Dorian",M,1995,Moldova,md
"Romero Holmes, Alfonso",M,1995,Spain,es
"Saltaev, Mihail",M,1995,Uzbekistan,uz
"San Segundo Carrillo, Pablo",M,1995,Spain,es
"Shulman, Yury",M,1995,Belarus,by
"Sorín, Ariel",M,1995,Argentina,ar
"Temirbayev, Serikbay",M,1995,Kazakhstan,kz
"Tkachiev, Vladislav",M,1995,Kazakhstan,kz
"Varavin, Viktor",M,1995,Russia,ru
"Varga, Zoltán",M,1995,Hungary,hu
Wang Zili,M,1995,China,cn
"Åkesson, Ralf",M,1995,Sweden,se
"Čabrilo, Goran",M,1995,Yugoslavia (S&M),rs
Đào Thiên Hải,M,1995,Vietnam,vn
"Anagnostopoulos, Dimitris",M,1996,Greece,gr
"Baburin, Alexander",M,1996,Ireland,ie
"Berdichevski, Igor",M,1996,Russia,ru
"Danielsen, Henrik",M,1996,Denmark,dk
"Djurhuus, Rune",M,1996,Norway,no
"Filippov, Valerij",M,1996,Russia,ru
"Gabriel, Christian",M,1996,Germany,de
"García Ilundáin, David",M,1996,Spain,es
"Godena, Michele",M,1996,Italy,it
"Golod, Vitali",M,1996,Israel,il
"Golubev, Mikhail",M,1996,Ukraine,ua
"Gyimesi, Zoltán",M,1996,Hungary,hu
"Honfi, Károly",M,1996,Hungary,hu
"Ionov, Sergey",M,1996,Russia,ru
"Iuldachev, Saidali",M,1996,Uzbekistan,uz
"Izmukhambetov, Salauat",M,1996,Kazakhstan,kz
"Kamiński, Marcin",M,1996,Poland,pl
"Kempiński, Robert",M,1996,Poland,pl
"Khasin, Alexander",M,1996,Russia,ru
"Kishnev, Sergey",M,1996,Russia,ru
"Kobalia, Mikhail",M,1996,Russia,ru
"Kotsur, Pavel",M,1996,Kazakhstan,kz
"Kutirov, Rolando",M,1996,North Macedonia,mk
"Manor, Ilan",M,1996,Israel,il
"McDonald, Neil",M,1996,England,gb-eng
"Mikhalevski, Victor",M,1996,Israel,il
"Paoli, Enrico",M,1996,Italy,it
Peng Xiaomin,M,1996,China,cn
"Ruželė, Darius",M,1996,Lithuania,lt
"Santo-Roman, Marc",M,1996,France,fr
"Schandorff, Lars",M,1996,Denmark,dk
"Shchekachev, Andrei",M,1996,Russia,ru
"Shipov, Sergei",M,1996,Russia,ru
"Slobodjan, Roman",M,1996,Germany,de
"Spangenberg, Hugo",M,1996,Argentina,ar
"Striković, Aleksa",M,1996,Yugoslavia (S&M),rs
"Sutovsky, Emil",M,1996,Israel,il
"Teske, Henrik",M,1996,Germany,de
"Thórhallsson, Thröstur",M,1996,Iceland,is
"Ward, Chris G",M,1996,England,gb-eng
"Yurtaev, Leonid",M,1996,Kyrgyzstan,kg
"Šulskis, Šarūnas",M,1996,Lithuania,lt
"Agrest, Evgenij",M,1997,Russia,ru
"Aleksandrov, Aleksej",M,1997,Belarus,by
"Avrukh, Boris",M,1997,Israel,il
"Babula, Vlastimil",M,1997,Czech Republic,cz
"Bacrot, Étienne",M,1997,France,fr
"Bauer, Christian",M,1997,France,fr
"Becerra Rivero, Julio",M,1997,Cuba,cu
"Berelowitsch, Alexander",M,1997,Ukraine,ua
"Chatalbashev, Boris",M,1997,Bulgaria,bg
"Enders, Peter",M,1997,Germany,de
"Galkin, Alexander",M,1997,Russia,ru
"Gdański, Jacek",M,1997,Poland,pl
"Hába, Petr",M,1997,Czech Republic,cz
"Irzhanov, Ruslan",M,1997,Kazakhstan,kz
"Kacheishvili, Giorgi",M,1997,Georgia,ge
"Kalinitschew, Sergey",M,1997,Germany,de
"Karpatchev, Aleksandr",M,1997,Russia,ru
"Kasimdzhanov, Rustam",M,1997,Uzbekistan,uz
"Klovāns, Jānis",M,1997,Latvia,lv
"Kumaran, Dharshan",M,1997,England,gb-eng
"Lastin, Alexander",M,1997,Russia,ru
"Lima, Darcy",M,1997,Brazil,br
"Miezis, Normunds",M,1997,Latvia,lv
"Mirallès, Gilles",M,1997,France,fr
"Mohr, Georg",M,1997,Slovenia,si
"Movsesian, Sergei",M,1997,Slovakia,sk
"Nikčević, Nebojša",M,1997,Yugoslavia (S&M),rs
"Nisipeanu, Liviu-Dieter",M,1997,Romania,ro
"Ricardi, Pablo",M,1997,Argentina,ar
"Ristic, Nenad",M,1997,Yugoslavia (S&M),rs
"Rodríguez Vila, Andrés",M,1997,Uruguay,uy
"Rychagov, Mikhail",M,1997,Estonia,ee
"Shaked, Tal",M,1997,United States,us
"Summerscale, Aaron P.",M,1997,England,gb-eng
"Thipsay, Praveen M",M,1997,India,in
"Todorović, Goran M.",M,1997,Yugoslavia (S&M),rs
"Tseitlin, Mark D.",M,1997,Israel,il
"Volzhin, Alexander",M,1997,Russia,ru
"Yandemirov, Valeri",M,1997,Russia,ru
"Zelčić, Robert",M,1997,Croatia,hr
"Zontakh, Andrey",M,1997,Ukraine,ua
"Al-Mudahka, Mohd",M,1998,Qatar,qa
"Annakov, Babakuli",M,1998,Turkmenistan,tm
"Asrian, Karen",M,1998,Armenia,am
"Baklan, Vladimir",M,1998,Ukraine,ua
"Batyrov, Sapar",M,1998,Turkmenistan,tm
"Bezold, Michael",M,1998,Germany,de
"David, Alberto",M,1998,Luxembourg,lu
"Degraeve, Jean-Marc",M,1998,France,fr
"Delchev, Aleksander",M,1998,Bulgaria,bg
"Dervishi, Erald",M,1998,Albania,al
"Grechikhin, Valery",M,1998,Russia,ru
"Gurevich, Vladimir",M,1998,Ukraine,ua
"Guseinov, Aidyn",M,1998,Azerbaijan,az
"Hansen, Sune Berg",M,1998,Denmark,dk
"Hoffman, Alejandro",M,1998,Argentina,ar
"Ionescu, Constantin",M,1998,Romania,ro
"Kazhgaleyev, Murtas",M,1998,Kazakhstan,kz
"Keitlinghaus, Ludger",M,1998,Germany,de
"Kiriakov, Petr",M,1998,Russia,ru
"Kogan, Arthur",M,1998,Israel,il
"Koniushkov, Igor",M,1998,Russia,ru
"Kosanović, Goran A.",M,1998,Yugoslavia (S&M),rs
"Krakops, Māris",M,1998,Latvia,lv
"Leitão, Rafael",M,1998,Brazil,br
"Lesiège, Alexandre",M,1998,Canada,ca
"Levin, Felix",M,1998,Germany,de
Liang Jinrong,M,1998,China,cn
"Lugovoi, Aleksei",M,1998,Russia,ru
"Macieja, Bartłomiej",M,1998,Poland,pl
"Magomedov, Magaram",M,1998,Tajikistan,tj
"Malakhov, Vladimir",M,1998,Russia,ru
"Marciano, David",M,1998,France,fr
"Markowski, Tomasz",M,1998,Poland,pl
"Muller, Karsten",M,1998,Germany,de
"Najdoski, Toni",M,1998,North Macedonia,mk
"Nataf, Igor-Alexandre",M,1998,France,fr
"Papaioannou, Ioannis",M,1998,Greece,gr
"Pogorelov, Ruslan",M,1998,Ukraine,ua
"Ponomariov, Ruslan",M,1998,Ukraine,ua
"Popchev, Milko",M,1998,Bulgaria,bg
"Reinderman, Dimitri",M,1998,Netherlands,nl
"Relange, Éloi",M,1998,France,fr
"Rustemov, Alexander",M,1998,Russia,ru
"Seferjan, Narek",M,1998,Armenia,am
"Shariyazdanov, Andrey",M,1998,Russia,ru
"Stripunsky, Alexander",M,1998,United States,us
"Tošić, Miroslav",M,1998,Yugoslavia (S&M),rs
"Van den Doel, Erik",M,1998,Netherlands,nl
"Vescovi, Giovanni",M,1998,Brazil,br
"Volkov, Sergey",M,1998,Russia,ru
"Winants, Luc",M,1998,Belgium,be
Wu Shaobin,M,1998,China,cn
Zhang Zhong,M,1998,China,cn
"Zilberman, Yaacov",M,1998,Israel,il
"Ács, Péter",M,1998,Hungary,hu
"Štoček, Jiří",M,1998,Czech Republic,cz
"Anić, Darko",M,1999,France,fr
"Antić, Dejan",M,1999,Yugoslavia (S&M),rs
"Badea, Bela",M,1999,Romania,ro
"Bagaturov, Giorgi",M,1999,Georgia,ge
"Balinov, Ilia",M,1999,Austria,at
"Bezgodov, Alexei",M,1999,Russia,ru
"Bruzón Batista, Lázaro",M,1999,Cuba,cu
"Comas Fabregó, Lluis",M,1999,Spain,es
"Danielian, Oganes",M,1999,Armenia,am
"De La Villa Garcia, Jesús Maria",M,1999,Spain,es
"Dely, Péter",M,1999,Hungary,hu
"Gelashvili, Tamaz",M,1999,Georgia,ge
"Goloshchapov, Alexander",M,1999,Ukraine,ua
"Gunawan, Ruben",M,1999,Indonesia,id
"Herrera, Irisberto",M,1999,Cuba,cu
"Hillarp Persson, Tiger",M,1999,Sweden,se
"Ikonnikov, Vyacheslav",M,1999,Russia,ru
"Iordăchescu, Viorel",M,1999,Moldova,md
"Kantsler, Boris",M,1999,Israel,il
"Khatanbaatar, Bazar",M,1999,Mongolia,mn
"Maiorov, Oleg",M,1999,Russia,ru
"Maiwald, Jens-Uwe",M,1999,Germany,de
"Malakhatko, Vadim",M,1999,Ukraine,ua
"Marković, Miroslav",M,1999,Yugoslavia (S&M),rs
"Moroz, Alexander",M,1999,Ukraine,ua
"Nadyrkhanov, Sergey",M,1999,Russia,ru
"Najer, Evgeniy",M,1999,Russia,ru
"Oral, Tomáš",M,1999,Czech Republic,cz
"Pavasovič, Duško",M,1999,Slovenia,si
"Popov, Valerij",M,1999,Russia,ru
"Rowson, Jonathan",M,1999,Scotland,gb-sct
"Sadvakasov, Darmen",M,1999,Kazakhstan,kz
"Safin, Shukhrat",M,1999,Uzbekistan,uz
"Sharavdorj, Dashzegve",M,1999,Mongolia,mn
"Shtyrenkov, Veniamen",M,1999,Russia,ru
"Soćko, Bartosz",M,1999,Poland,pl
"Turov, Maxim",M,1999,Russia,ru
Từ Hoàng Thông,M,1999,Vietnam,vn
"Vallejo Pons, Francisco",M,1999,Spain,es
"Voitsekhovsky, Stanislav",M,1999,Russia,ru
"Vokáč, Marek",M,1999,Czech Republic,cz
"Votava, Jan",M,1999,Czech Republic,cz
Wong Meng Kong,M,1999,Singapore,sg
"Zezulkin, Jurij",M,1999,Belarus,by
"Zifroni, Dov",M,1999,Israel,il
"Aronian, Levon",M,2000,Armenia,am
"Ashley, Maurice",M,2000,United States,us
"Barsov, Alexei",M,2000,Uzbekistan,uz
"Belikov, Vladimir",M,2000,Russia,ru
Bu Xiangzhi,M,2000,China,cn
"Chernikov, Oleg",M,2000,Russia,ru
"Chernyshov, Konstantin",M,2000,Russia,ru
"De Vreugt, Dennis",M,2000,Netherlands,nl
"Dgebuadze, Alexandre",M,2000,Soviet Union,ru
"Dražić, Siniša",M,2000,Yugoslavia (S&M),rs
"Fressinet, Laurent",M,2000,France,fr
"Georgiev, Vladimir",M,2000,Bulgaria,bg
"Gershon, Alik",M,2000,Israel,il
"Grischuk, Alexander",M,2000,Russia,ru
"Hauchard, Arnaud",M,2000,France,fr
"Iskusnyh, Sergei",M,2000,Russia,ru
"Ivanišević, Ivan",M,2000,Yugoslavia (S&M),rs
"Jaracz, Paweł",M,2000,Poland,pl
"Kalugin, Sergey G.",M,2000,Russia,ru
"Kekelidze, Mikheil",M,2000,Georgia,ge
"Korotylev, Alexey",M,2000,Russia,ru
"Kovačević, Aleksandar",M,2000,Yugoslavia (S&M),rs
"Kunte, Abhijit",M,2000,India,in
"Lazarev, Vladimir",M,2000,Russia,ru
"Lopushnoy, Denis",M,2000,Russia,ru
"McShane, Luke J.",M,2000,England,gb-eng
"Mikhaletz, Lubomir",M,2000,Ukraine,ua
"Moiseenko, Alexander",M,2000,Ukraine,ua
"Motylev, Alexander",M,2000,Russia,ru
"Ovsejevitsch, Sergei",M,2000,Ukraine,ua
"Polák, Tomáš",M,2000,Czech Republic,cz
"Ruck, Róbert",M,2000,Hungary,hu
"Sasikiran, Krishnan",M,2000,India,in
"Sulypa, Oleksandr",M,2000,Ukraine,ua
"Totsky, Leonid",M,2000,Russia,ru
"Villamayor, Buenaventura",M,2000,Philippines,ph
"Vorobiov, Evgeny E.",M,2000,Russia,ru
Wu Wenjin,M,2000,China,cn
"Zakharevich, Igor",M,2000,Russia,ru
Zaw Win Lay,M,2000,Myanmar,mm
"Šulava, Nenad",M,2000,Croatia,hr
"Anka, Emil",M,2001,Hungary,hu
"Banikas, Hristos",M,2001,Greece,gr
"Blehm, Paweł",M,2001,Poland,pl
"Borovikov, Vladislav",M,2001,Ukraine,ua
"Brynell, Stellan",M,2001,Sweden,se
"Chabanon, Jean-Luc",M,2001,France,fr
"Cicak, Slavko",M,2001,Sweden,se
"Domínguez Pérez, Leinier",M,2001,United States,us
"Dzhumaev, Marat",M,2001,Uzbekistan,uz
"Eljanov, Pavel",M,2001,Ukraine,ua
"Fridman, Daniel",M,2001,Latvia,lv
"Gaprindashvili, Valeriane",M,2001,Georgia,ge
"Ghaem Maghami, Ehsan",M,2001,Iran,ir
"Gritsak, Orest",M,2001,Ukraine,ua
"Gutman, Gennadi",M,2001,Ukraine,ua
"Harikrishna, Pentala",M,2001,India,in
"Høi, Carsten",M,2001,Denmark,dk
"Iljushin, Alexei",M,2001,Russia,ru
"Jacimović, Dragoljub",M,2001,North Macedonia,mk
"Jakovenko, Dmitry",M,2001,Russia,ru
"Jobava, Baadur",M,2001,Georgia,ge
"Kalinin, Alexander",M,2001,Russia,ru
"Kallio, Heikki",M,2001,Finland,fi
"Kazakov, Mikhail",M,2001,Ukraine,ua
"Kosyrev, Vladimir",M,2001,Russia,ru
"Kulaots, Kaido",M,2001,Estonia,ee
"Lunev, Andrey",M,2001,Russia,ru
"Mirzoev, Azer",M,2001,Azerbaijan,az
"Muše, Mladen",M,2001,Germany,de
"Naiditsch, Arkadij",M,2001,Germany,de
"Nedev, Trajko",M,2001,North Macedonia,mk
Nguyễn Anh Dũng,M,2001,Vietnam,vn
"Nikitin, Andrey",M,2001,Russia,ru
"Ortega, Lexy",M,2001,Italy,it
"Parker, Jonathan F.",M,2001,England,gb-eng
"Pelletier, Yannick",M,2001,Switzerland,ch
"Potkin, Vladimir",M,2001,Russia,ru
"Prokopchuk, Evgeny",M,2001,Russia,ru
"Radjabov, Teimour",M,2001,Azerbaijan,az
"Riazantsev, Alexander",M,2001,Russia,ru
"Schmaltz, Roland",M,2001,Germany,de
"Shalnev, Nikolai",M,2001,Russia,ru
"Slipak, Sergio",M,2001,Argentina,ar
"Tyomkin, Dimitri",M,2001,Canada,ca
"Vajda, Levente",M,2001,Romania,ro
"Volokitin, Andrei",M,2001,Ukraine,ua
"Vučković, Bojan",M,2001,Yugoslavia (S&M),rs
"Vysochin, Spartak",M,2001,Ukraine,ua
"Yegiazarian, Arsen",M,2001,Armenia,am
Zhang Pengxiang,M,2001,China,cn
Zhu Chen,F,2001,China,cn
"Šolak, Dragan",M,2001,Yugoslavia (S&M),rs
"Žaja, Ivan",M,2001,Croatia,hr
"Aghamaliyev, Cemil",M,2002,Azerbaijan,az
"Alekseev, Evgeny",M,2002,Russia,ru
"Amonatov, Farrukh",M,2002,Tajikistan,tj
"Areshchenko, Alexander",M,2002,Ukraine,ua
"Bagirov, Rufat",M,2002,Azerbaijan,az
"Belkhodja, Slim",M,2002,Tunisia,tn
"Belozerov, Andrei",M,2002,Russia,ru
"Berkes, Ferenc",M,2002,Hungary,hu
"Del Río De Angelis, Salvador Gabriel",M,2002,Spain,es
"Delgado Ramírez, Neuris",M,2002,Cuba,cu
"Efimenko, Zahar",M,2002,Ukraine,ua
"Fedorchuk, Sergey A.",M,2002,Ukraine,ua
"Felgaer, Rubén",M,2002,Argentina,ar
"Fontaine, Robert",M,2002,France,fr
"Gagunashvili, Merab",M,2002,Georgia,ge
"Galego, Luís",M,2002,Portugal,pt
"Gashimov, Vugar",M,2002,Azerbaijan,az
"Gazarian, Aram",M,2002,Russia,ru
"Genov, Petar",M,2002,Bulgaria,bg
"Grabarczyk, Mirosław",M,2002,Poland,pl
"Grigore, George-Gabriel",M,2002,Romania,ro
"Guseinov, Gadir",M,2002,Azerbaijan,az
"Halkias, Stelios",M,2002,Greece,gr
"Horváth, Ádám",M,2002,Hungary,hu
"Ibragimov, Alibek",M,2002,Kazakhstan,kz
"Inarkiev, Ernesto",M,2002,Russia,ru
"Izoria, Zviad",M,2002,Georgia,ge
"Jakubiec, Artur",M,2002,Poland,pl
"Janev, Evgeni",M,2002,Bulgaria,bg
"Jenni, Florian",M,2002,Switzerland,ch
"Johannessen, Leif Erlend",M,2002,Norway,no
"Jonkman, Harmen",M,2002,Netherlands,nl
"Koneru, Humpy",F,2002,India,in
"Kovchan, Alexander",M,2002,Ukraine,ua
Li Shilong,M,2002,China,cn
"Mamedyarov, Shakhriyar",M,2002,Azerbaijan,az
"Marcelin, Cyril",M,2002,France,fr
"Matamoros Franco, Carlos S.",M,2002,Ecuador,ec
"Mchedlishvili, Mikheil",M,2002,Georgia,ge
"Medvegy, Zoltán",M,2002,Hungary,hu
"Miroshnichenko, Evgenij",M,2002,Ukraine,ua
"Mitoń, Kamil",M,2002,Poland,pl
"Navara, David",M,2002,Czech Republic,cz
"Oratovsky, Michael",M,2002,Israel,il
"Petkevich, Jusefs",M,2002,Latvia,lv
"Pikula, Dejan",M,2002,Yugoslavia (S&M),rs
"Postny, Evgeny",M,2002,Israel,il
"Pârligras, Mircea-Emilian",M,2002,Romania,ro
"Rabiega, Robert",M,2002,Germany,de
"Rahman, Ziaur",M,2002,Bangladesh,bd
"Sargissian, Gabriel",M,2002,Armenia,am
"Shomoev, Anton",M,2002,Russia,ru
"Stefanova, Antoaneta",F,2002,Bulgaria,bg
"Stević, Hrvoje",M,2002,Croatia,hr
"Svetushkin, Dmitry",M,2002,Moldova,md
"Tahirov, Farhad",M,2002,Azerbaijan,az
"Tishin, Petr",M,2002,Russia,ru
"Tunik, Gennady",M,2002,Russia,ru
"Turner, Matthew J.",M,2002,England,gb-eng
"Zubarev, Alexander",M,2002,Ukraine,ua
"Azarov, Sergei",M,2003,Belarus,by
"Bagheri, Amir",M,2003,Iran,ir
"Barus, Cerdas",M,2003,Indonesia,id
"Belov, Vladimir",M,2003,Russia,ru
"Bistrić, Faruk",M,2003,Bosnia and Herzegovina,ba
"Bocharov, Dmitry",M,2003,Russia,ru
"Bunzmann, Dimitrij",M,2003,Germany,de
Cao Sang,M,2003,Hungary,hu
"Chanda, Sandipan",M,2003,India,in
"Cyborowski, Łukasz",M,2003,Poland,pl
"Czebe, Attila",M,2003,Hungary,hu
"Döttling, Fabian",M,2003,Germany,de
"Erenburg, Sergey",M,2003,Israel,il
"Fernandes, António",M,2003,Portugal,pt
"Fogarasi, Tibor",M,2003,Hungary,hu
"Galdunts, Sergey",M,2003,Armenia,am
"Ganguly, Surya Shekhar",M,2003,India,in
"Grigoriants, Sergey",M,2003,Russia,ru
"Gustafsson, Jan",M,2003,Germany,de
"Handke, Florian",M,2003,Germany,de
"Hasangatin, Ramil",M,2003,Russia,ru
"Jirovský, Miloš",M,2003,Czech Republic,cz
"Karjakin, Sergey",M,2003,Ukraine,ua
"Kayumov, Dmitry D.",M,2003,Uzbekistan,uz
"Korobov, Anton",M,2003,Ukraine,ua
"Kritz, Leonid",M,2003,Germany,de
"Kurnosov, Igor",M,2003,Russia,ru
"Malinin, Vasily B.",M,2003,Russia,ru
"Mastrovasilis, Dimitrios",M,2003,Greece,gr
"Miśta, Aleksander",M,2003,Poland,pl
"Moreno Carnero, Javier",M,2003,Spain,es
"Nakamura, Hikaru",M,2003,United States,us
"Narciso Dublan, Marc",M,2003,Spain,es
"Nevostrujev, Vladimir",M,2003,Russia,ru
Ni Hua,M,2003,China,cn
"Novik, Maxim",M,2003,Russia,ru
"Nybäck, Tomi",M,2003,Finland,fi
"Ostenstad, Berge",M,2003,Norway,no
Ramesh R. B.,M,2003,India,in
"Roiz, Michael",M,2003,Israel,il
"Savić, Miodrag R.",M,2003,Serbia and Montenegro,rs
"Sedlak, Nikola",M,2003,Serbia and Montenegro,rs
"Seres, Lajos",M,2003,Hungary,hu
"Smirnov, Pavel",M,2003,Russia,ru
"Stanec, Nikolaus",M,2003,Austria,at
"Timofeev, Artyom",M,2003,Russia,ru
"Volosin, Leon",M,2003,Czech Republic,cz
"Vul, Arkadi Eremeevich",M,2003,Russia,ru
"Yagupov, Igor",M,2003,Russia,ru
"Yevseev, Denis",M,2003,Russia,ru
"Zemgalis, Elmārs",M,2003,Latvia,lv
"Akobian, Varuzhan",M,2004,Armenia,am
"Arizmendi Martínez, Julen Luís",M,2004,Spain,es
"Bakre, Tejas",M,2004,India,in
"Balogh, Csaba",M,2004,Hungary,hu
"Baramidze, David",M,2004,Germany,de
"Berg, Emanuel",M,2004,Sweden,se
"Blagojević, Dragiša",M,2004,Serbia and Montenegro,rs
"Bluvshtein, Mark",M,2004,Canada,ca
"Borges Mateos, Juan",M,2004,Cuba,cu
"Cabrera, Alexis",M,2004,Colombia,co
"Carlsen, Magnus",M,2004,Norway,no
"Cheparinov, Ivan",M,2004,Bulgaria,bg
"Cherniaev, Alexander",M,2004,Russia,ru
"De La Paz Perdomo, Frank",M,2004,Cuba,cu
"De La Riva Aguado, Oscar",M,2004,Andorra,ad
"Dobrov, Vladimir",M,2004,Russia,ru
"Drozdovskij, Yuri",M,2004,Ukraine,ua
"Dyachkov, Sergej",M,2004,Russia,ru
"Gareyev, Timur",M,2004,Uzbekistan,uz
"Gomez Esteban, Juan Mario",M,2004,Spain,es
"Gonzalez Zamora, Juan Carlos",M,2004,Mexico,mx
"Hellsten, Johan",M,2004,Sweden,se
"Jeremić, Veljko",M,2004,Serbia and Montenegro,rs
"Kalod, Radek",M,2004,Czech Republic,cz
"Khismatullin, Denis",M,2004,Russia,ru
"Kim, Alexey",M,2004,Russia,ru
"Kornev, Alexei",M,2004,Russia,ru
"Kosteniuk, Alexandra",F,2004,Russia,ru
"Kreiman, Boris",M,2004,United States,us
Liang Chong,M,2004,China,cn
"Liutsko, Igor",M,2004,Belarus,by
"Mamedov, Rauf",M,2004,Azerbaijan,az
"Mariano, Nelson",M,2004,Philippines,ph
"Markuš, Robert",M,2004,Serbia and Montenegro,rs
"Megaranto, Susanto",M,2004,Indonesia,id
"Meijers, Viesturs",M,2004,Latvia,lv
"Minasian, Ara",M,2004,Armenia,am
"Nalbandian, Tigran",M,2004,Armenia,am
"Novikov, Stanislav",M,2004,Russia,ru
"Odeev, Handszar",M,2004,Turkmenistan,tm
Peng Zhaoqin,F,2004,Netherlands,nl
"Peralta, Fernando",M,2004,Argentina,ar
"Pert, Nicholas",M,2004,England,gb-eng
"Perunović, Miloš",M,2004,Serbia and Montenegro,rs
"Petrosian, Tigran L.",M,2004,Armenia,am
"Potapov, Alexander",M,2004,Russia,ru
"Prusikin, Michael",M,2004,Germany,de
"Radulski, Julian",M,2004,Bulgaria,bg
"Ramírez, Alejandro",M,2004,Costa Rica,cr
"Schebler, Gerhard",M,2004,Germany,de
"Shabanov, Yuri",M,2004,Russia,ru
"Shaposhnikov, Evgeny",M,2004,Russia,ru
"Smeets, Jan",M,2004,Netherlands,nl
"Stanojoski, Zvonko",M,2004,North Macedonia,mk
"Stellwagen, Daniël",M,2004,Netherlands,nl
"Taleb, Moussa",M,2004,United Arab Emirates,ae
"Van der Weide, Karel",M,2004,Netherlands,nl
"Vásquez Schroeder, Rodrigo",M,2004,Chile,cl
Wang Yue,M,2004,China,cn
Yu Shaoteng,M,2004,China,cn
"Adly, Ahmed",M,2005,Egypt,eg
"Andreev, Eduard",M,2005,Ukraine,ua
"Annageldyev, Orazly",M,2005,Turkmenistan,tm
"Bartel, Mateusz",M,2005,Poland,pl
"Bobras, Piotr",M,2005,Poland,pl
"Bricard, Emmanuel",M,2005,France,fr
"Campos Moreno, Javier B.",M,2005,Chile,cl
"Djukić, Nikola",M,2005,Serbia and Montenegro,rs
"Evdokimov, Alexander A.",M,2005,Russia,ru
"Gormally, Daniel W.",M,2005,England,gb-eng
"Guliyev, Namig",M,2005,Azerbaijan,az
"Ibrahimov, Rasul",M,2005,Azerbaijan,az
"Ibrayev, Nurlan",M,2005,Kazakhstan,kz
"Ivanov, Igor Vasilyevich",M,2005,Canada,ca
"Kostić, Vladimir G.",M,2005,Serbia and Montenegro,rs
"Kuzubov, Yuriy",M,2005,Ukraine,ua
"L'Ami, Erwin",M,2005,Netherlands,nl
"Leventić, Ivan",M,2005,Croatia,hr
"Lie, Kjetil A.",M,2005,Norway,no
"Likavský, Tomáš",M,2005,Slovakia,sk
"Mastrovasilis, Athanasios",M,2005,Greece,gr
"Moradiabadi, Elshan",M,2005,Iran,ir
"Mrva, Martin",M,2005,Slovakia,sk
"Naumann, Alexander",M,2005,Germany,de
"Nesterov, Yakov",M,2005,Kazakhstan,kz
Nguyễn Ngọc Trường Sơn,M,2005,Vietnam,vn
"Novikov, Maxim",M,2005,Russia,ru
"Obukhov, Alexander",M,2005,Russia,ru
"Oleksiyenko, Mykhaylo",M,2005,Ukraine,ua
"Ovetchkin, Roman",M,2005,Russia,ru
"Palo, Davor",M,2005,Denmark,dk
"Pantsulaia, Levan",M,2005,Georgia,ge
"Paragua, Mark",M,2005,Philippines,ph
"Pilavov, Georgy",M,2005,Ukraine,ua
"Predojević, Borki",M,2005,Bosnia and Herzegovina,ba
"Quesada Pérez, Yuniesky",M,2005,Cuba,cu
"Raetsky, Alexander",M,2005,Russia,ru
"Rogovski, Vladimir",M,2005,Ukraine,ua
"Shengelia, David",M,2005,Georgia,ge
"Shvyrjov, Igor",M,2005,Estonia,ee
"Tomashevsky, Evgeny",M,2005,Russia,ru
"Vachier-Lagrave, Maxime",M,2005,France,fr
"Vorotnikov, Vladislav V.",M,2005,Russia,ru
Wang Hao,M,2005,China,cn
"Wojtaszek, Radosław",M,2005,Poland,pl
Zhao Jun,M,2005,China,cn
"Ziatdinov, Raset",M,2005,United States,us
"Almeida Quintana, Omar",M,2006,Cuba,cu
"Amin, Bassem",M,2006,Egypt,eg
"Andriasian, Zaven",M,2006,Armenia,am
"Aroshidze, Levan",M,2006,Georgia,ge
"Arutinian, David",M,2006,Georgia,ge
"Aveskulov, Valeriy",M,2006,Ukraine,ua
"Charbonneau, Pascal",M,2006,Canada,ca
"Czarnota, Paweł",M,2006,Poland,pl
Deepan Chakkravarthy J.,M,2006,India,in
"Dzhakaev, Dzhakay",M,2006,Russia,ru
"Gajewski, Grzegorz",M,2006,Poland,pl
"Ginsburg, Gennadi",M,2006,Germany,de
"González García, José",M,2006,Mexico,mx
"Gutov, Andrey",M,2006,Russia,ru
"Heberla, Bartłomiej",M,2006,Poland,pl
"Horváth, Péter",M,2006,Hungary,hu
"Janković, Alojzije",M,2006,Croatia,hr
"Jedynak, Radosław",M,2006,Poland,pl
"Jovanović, Zoran",M,2006,Croatia,hr
"Kanep, Meelis",M,2006,Estonia,ee
"Khachiyan, Melikset",M,2006,United States,us
"Khamrakulov, Ibragim S.",M,2006,Spain,es
"Kharitonov, Alexandr",M,2006,Russia,ru
"Kostenko, Petr",M,2006,Kazakhstan,kz
"Kotanjian, Tigran",M,2006,Armenia,am
"Krivoshey, Sergei",M,2006,Ukraine,ua
"Kryvoruchko, Yuriy",M,2006,Ukraine,ua
"Kunin, Vitaly",M,2006,Germany,de
"Laznicka, Viktor",M,2006,Czechoslovakia,cz
"Lupulescu, Constantin",M,2006,Romania,ro
Lê Quang Liêm,M,2006,Vietnam,vn
"Mamedov, Nidjat",M,2006,Azerbaijan,az
"Maník, Mikuláš",M,2006,Slovakia,sk
"Murariu, Andrei",M,2006,Romania,ro
"Neelotpal, Das",M,2006,India,in
"Negi, Parimarjan",M,2006,India,in
"Panchanathan, Magesh Chandran",M,2006,India,in
"Perelshteyn, Eugene",M,2006,United States,us
"Reefat, Bin-Sattar",M,2006,Bangladesh,bd
"Rogić, Davor",M,2006,Croatia,hr
"Rychagov, Andrey",M,2006,Russia,ru
"Sambuev, Bator",M,2006,Russia,ru
"Shanava, Konstantine",M,2006,Georgia,ge
"Shaw, John",M,2006,Scotland,gb-sct
"Sumets, Andrey",M,2006,Ukraine,ua
"Sănduleac, Vasile",M,2006,Moldova,md
"Tihonov, Jurij",M,2006,Belarus,by
"Todorov, Todor",M,2006,Bulgaria,bg
"Tratar, Marko",M,2006,Slovenia,si
"Visser, Yge",M,2006,Netherlands,nl
"Werle, Jan",M,2006,Netherlands,nl
"Zhigalko, Andrey",M,2006,Belarus,by
Zhou Jianchao,M,2006,China,cn
"Zinchenko, Yaroslav",M,2006,Ukraine,ua
"Aagaard, Jacob",M,2007,Denmark,dk
"Abbasov, Farid",M,2007,Azerbaijan,az
"Ajrapetjan, Yuriy",M,2007,Ukraine,ua
"Andreikin, Dmitry",M,2007,Russia,ru
"Babaev, Rashad",M,2007,Azerbaijan,az
"Bachmann, Axel",M,2007,Paraguay,py
"Berescu, Alin-Mile",M,2007,Romania,ro
"Bindrich, Falko",M,2007,Germany,de
"Brkić, Ante",M,2007,Croatia,hr
"Buhmann, Rainer",M,2007,Germany,de
"Butnorius, Algimantas",M,2007,Lithuania,lt
"Carlsson, Pontus",M,2007,Sweden,se
"Caruana, Fabiano",M,2007,Italy,it
"Cvek, Robert",M,2007,Czech Republic,cz
"Dziuba, Marcin",M,2007,Poland,pl
"Erdős, Viktor",M,2007,Hungary,hu
"Ernst, Sipke",M,2007,Netherlands,nl
"Feller, Sébastien",M,2007,France,fr
"Ferčec, Nenad",M,2007,Croatia,hr
"Fier, Alexandr",M,2007,Brazil,br
"Fish, Gennadij",M,2007,Germany,de
"Frolyanov, Dmitry",M,2007,Russia,ru
"Gasanov, Eldar",M,2007,Ukraine,ua
Gopal G. N.,M,2007,India,in
"Grachev, Boris",M,2007,Russia,ru
"Haslinger, Stewart G.",M,2007,England,gb-eng
"Hernández Carmenate, Holden",M,2007,Cuba,cu
"Howell, David W. L.",M,2007,England,gb-eng
Hoàng Thanh Trang,F,2007,Hungary,hu
"Héra, Imre Jr.",M,2007,Hungary,hu
"Iljin, Artem",M,2007,Russia,ru
"Jianu, Vlad-Cristian",M,2007,Romania,ro
"Jovanić, Ognjen",M,2007,Croatia,hr
"Kasparov, Sergey",M,2007,Belarus,by
"Khairullin, Ildar",M,2007,Russia,ru
"Khruschiov, Alexey",M,2007,Moldova,md
"Kiselev, Vitalii",M,2007,Russia,ru
"Kokarev, Dmitry",M,2007,Russia,ru
"Kononenko, Dmitry",M,2007,Ukraine,ua
"Kraai, Jesse",M,2007,United States,us
"Krapivin, Alexander",M,2007,Russia,ru
"Lagno, Kateryna",F,2007,Ukraine,ua
"Lajthajm, Borko",M,2007,Serbia,rs
"Laylo, Darwin",M,2007,Philippines,ph
"Lenič, Luka",M,2007,Slovenia,si
Li Chao,M,2007,China,cn
"Lysyj, Igor",M,2007,Russia,ru
"López Martínez, Josep Manuel",M,2007,Spain,es
"Mahjoob Zardast, Morteza",M,2007,Iran,ir
"Maletin, Pavel",M,2007,Russia,ru
"Manolache, Marius",M,2007,Romania,ro
"Markoš, Ján",M,2007,Slovakia,sk
"Maroroa Jones, Gawain C. B.",M,2007,England,gb-eng
"Matjushin, Gennady",M,2007,Ukraine,ua
"Mayorau, Mikita",M,2007,Belarus,by
"Mazé, Sébastien",M,2007,France,fr
"Meier, Georg",M,2007,Germany,de
"Mollah Abdullah, Al Rakib",M,2007,Bangladesh,bd
"Nepomniachtchi, Ian",M,2007,Russia,ru
"Oms Pallise, Josep",M,2007,Andorra,ad
"Panarin, Mikhail",M,2007,Russia,ru
"Pashikian, Arman",M,2007,Armenia,am
"Paunović, Dragan",M,2007,Serbia,rs
"Petkov, Vladimir",M,2007,Bulgaria,bg
"Polzin, Rainer",M,2007,Germany,de
"Popov, Ivan",M,2007,Russia,ru
"Popović, Dušan",M,2007,Serbia,rs
"Rakhmanov, Aleksandr",M,2007,Russia,ru
"Rizouk, Aimen",M,2007,Algeria,dz
"Rodríguez Guerrero, Enrique",M,2007,Spain,es
"Rodshtein, Maxim",M,2007,Israel,il
"Romanov, Evgeny",M,2007,Russia,ru
"Savchenko, Boris",M,2007,Russia,ru
"Sergeev, Vladimir",M,2007,Ukraine,ua
"Shishkin, Vadim",M,2007,Ukraine,ua
"Skatchkov, Pavel",M,2007,Russia,ru
"Skorchenko, Dmitriy",M,2007,Russia,ru
"Solodovnichenko, Yuri",M,2007,Ukraine,ua
"Steingrímsson, Héðinn",M,2007,Iceland,is
"Stojanović, Mihajlo",M,2007,Serbia,rs
"Teterev, Vitaly",M,2007,Belarus,by
"Tukhaev, Adam",M,2007,Ukraine,ua
"Velička, Petr",M,2007,Czech Republic,cz
"Vitiugov, Nikita",M,2007,Russia,ru
"Vázquez Igarza, Renier",M,2007,Spain,es
Xu Yuhua,F,2007,China,cn
"Zakhartsov, Viacheslav V.",M,2007,Russia,ru
"Zambrana, Osvaldo",M,2007,Bolivia,bo
"Zhigalko, Sergei",M,2007,Belarus,by
"Øgaard, Leif",M,2007,Norway,no
"Šarić, Ante",M,2007,Croatia,hr
"Šarić, Ibro",M,2007,Bosnia and Herzegovina,ba
"Abergel, Thal",M,2008,France,fr
"Abreu Delgado, Aryam",M,2008,Cuba,cu
"Appel, Ralf",M,2008,Germany,de
"Arun Prasad, S.",M,2008,India,in
"Askarov, Marat",M,2008,Russia,ru
"Bhat, Vinay",M,2008,United States,us
"Bogosavljević, Boban",M,2008,Serbia,rs
"Bojkov, Dejan",M,2008,Bulgaria,bg
"Bosiočić, Marin",M,2008,Croatia,hr
"Braun, Arik",M,2008,Germany,de
"Bryzgalin, Kirill",M,2008,Russia,ru
"Bérczes, Dávid",M,2008,Hungary,hu
"Bùi, Vinh",M,2008,Vietnam,vn
"Chuprov, Dmitry",M,2008,Russia,ru
"Cornette, Matthieu",M,2008,France,fr
"Córdova, Emilio",M,2008,Peru,pe
"Deviatkin, Andrei",M,2008,Russia,ru
"Dzagnidze, Nana",F,2008,Georgia,ge
"El Gindy, Essam",M,2008,Egypt,eg
"Filippov, Anton",M,2008,Uzbekistan,uz
"Flores, Diego",M,2008,Argentina,ar
"Friedel, Joshua",M,2008,United States,us
"Ghane, Shojaat",M,2008,Iran,ir
"Gonzáles, Jayson",M,2008,Philippines,ph
"González, Renier",M,2008,United States,us
"Grigoryan, Avetik",M,2008,Armenia,am
"Gupta, Abhijeet",M,2008,India,in
"Holzke, Frank",M,2008,Germany,de
"Hossain, Enamul",M,2008,Bangladesh,bd
Hou Yifan,F,2008,China,cn
"Iotov, Valentin",M,2008,Bulgaria,bg
"Ismagambetov, Anuar",M,2008,Kazakhstan,kz
"Iturrizaga Bonelli, Eduardo",M,2008,Venezuela,ve
"Ivanov, Alexander A.",M,2008,Russia,ru
"Kaufman, Lawrence",M,2008,United States,us
"Kislinsky, Alexey",M,2008,Ukraine,ua
"Kovalyov, Anton",M,2008,Argentina,ar
"Lafuente, Pablo",M,2008,Argentina,ar
"León Hoyos, Manuel",M,2008,Mexico,mx
"Llanes Hurtado, Miguel",M,2008,Spain,es
"Markosian, David S.",M,2008,Armenia,am
"Maslak, Konstantin",M,2008,Russia,ru
"Mateo, Ramón",M,2008,Dominican Republic,do
"Maximov, Dmitry",M,2008,Ukraine,ua
"Meister, Jakob",M,2008,Germany,de
"Melkumyan, Hrant",M,2008,Armenia,am
"Milanović, Danilo",M,2008,Serbia,rs
"Mirumian, Vigen",M,2008,Czech Republic,cz
"Nikolenko, Oleg",M,2008,Russia,ru
"Orlov, Andrey",M,2008,Russia,ru
"Petřík, Tomáš",M,2008,Slovakia,sk
"Pérez Rodriguez, Luís Manuel",M,2008,Cuba,cu
"Ragger, Markus",M,2008,Austria,at
"Rusev, Krasimir",M,2008,Bulgaria,bg
"Safarli, Eltaj",M,2008,Azerbaijan,az
"Salgado López, Iván",M,2008,Spain,es
"Sanikidze, Tornike",M,2008,Georgia,ge
"Sebag, Marie",F,2008,France,fr
"Siebrecht, Sebastian",M,2008,Germany,de
"Simantsev, Mikhail",M,2008,Ukraine,ua
"Sjugirov, Sanan",M,2008,Russia,ru
"Smirnov, Igor",M,2008,Ukraine,ua
"So, Wesley",M,2008,Philippines,ph
"Soćko, Monika",F,2008,Poland,pl
"Trajković, Predrag",M,2008,Serbia,rs
"Vokarev, Sergey",M,2008,Russia,ru
"Vovk, Yuri",M,2008,Ukraine,ua
Wen Yang,M,2008,China,cn
"Williams, Simon K.",M,2008,England,gb-eng
Zhao Xue,F,2008,China,cn
Zhao Zong-Yuan,M,2008,Australia,au
"Šarić, Ivan",M,2008,Croatia,hr
"Al-Sayed, Mohamad",M,2009,Qatar,qa
"Alonso, Salvador",M,2009,Argentina,ar
"Amanov, Mesgen",M,2009,Turkmenistan,tm
"Arakhamia-Grant, Ketevan",F,2009,Scotland,gb-sct
"Arzumanian, Georgii",M,2009,Armenia,am
"Bogner, Sebastian",M,2009,Germany,de
"Borišek, Jure",M,2009,Slovenia,si
"Boros, Dénes",M,2009,Hungary,hu
"Brenjo, Slaviša",M,2009,Serbia,rs
"Castañeda, Georgui",M,2009,Peru,pe
"Chibukhchian, Artur",M,2009,Armenia,am
"Chirilă, Ioan-Cristian",M,2009,Romania,ro
"Corrales Jimenez, Fidel",M,2009,Cuba,cu
"Cuartas, Jaime Alexander",M,2009,Colombia,co
"Diamant, André",M,2009,Brazil,br
Ding Liren,M,2009,China,cn
"Eryomenko, Volodymyr",M,2009,Ukraine,ua
"Fargère, François",M,2009,France,fr
"Finegold, Benjamin",M,2009,United States,us
"Flores Ríos, Mauricio",M,2009,Chile,cl
"Gabrielian, Artur",M,2009,Russia,ru
"Gharamian, Tigran",M,2009,France,fr
"Giri, Anish",M,2009,Netherlands,nl
"González Vidal, Yuri",M,2009,Cuba,cu
"Gordon, Stephen J.",M,2009,England,gb-eng
"Gómez, John Paul",M,2009,Philippines,ph
"Hammer, Jon Ludvig",M,2009,Norway,no
"Harutjunyan, Gevorg",M,2009,Armenia,am
"Haznedaroğlu, Kıvanç",M,2009,Turkey,tr
"Herraiz Hidálgo, Herminio",M,2009,Spain,es
"Hess, Robert",M,2009,United States,us
"Hoffmann, Michael",M,2009,Germany,de
"Jakubowski, Krzysztof",M,2009,Poland,pl
"Jojua, Davit",M,2009,Georgia,ge
"Jumabayev, Rinat",M,2009,Kazakhstan,kz
"Kabanov, Nikolai",M,2009,Russia,ru
"Khusnutdinov, Rustam",M,2009,Kazakhstan,kz
"Klimov, Sergey",M,2009,Russia,ru
"Kosintseva, Tatiana",F,2009,Russia,ru
"Kravtsiv, Martyn",M,2009,Ukraine,ua
"Kryakvin, Dmitry",M,2009,Russia,ru
"Laxman, R. R.",M,2009,India,in
"Lemos, Damián",M,2009,Argentina,ar
"Libiszewski, Fabien",M,2009,France,fr
"Lintchevski, Daniil",M,2009,Russia,ru
"Martinez Duany, Lelys Stanley",M,2009,Cuba,cu
"Moranda, Wojciech",M,2009,Poland,pl
"Muratović, Alija",M,2009,Serbia,rs
"Olszewski, Michał",M,2009,Poland,pl
"Papadopoulos, Ioannis K.",M,2009,Greece,gr
"Petrosian, Davit G.",M,2009,Armenia,am
"Rasmussen, Allan Stig",M,2009,Denmark,dk
"Saleh, Salem A. R.",M,2009,United Arab Emirates,ae
"Shimanov, Aleksandr",M,2009,Russia,ru
"Shkuro, Iuri",M,2009,Ukraine,ua
"Simonian, Hrair",M,2009,Armenia,am
"Simutowe, Amon",M,2009,Zambia,zm
"Smerdon, David C.",M,2009,Australia,au
"Spoelman, Wouter",M,2009,Netherlands,nl
Sundararajan Kidambi,M,2009,India,in
"Swinkels, Robin",M,2009,Netherlands,nl
"Sánchez, Joseph",M,2009,Philippines,ph
"Ter-Sahakyan, Samvel",M,2009,Armenia,am
"Vakhidov, Tair",M,2009,Uzbekistan,uz
"Valerga, Diego",M,2009,Argentina,ar
"Vasilev, Milen",M,2009,Bulgaria,bg
"Vocaturo, Daniele",M,2009,Italy,it
"Vovk, Andriy",M,2009,Ukraine,ua
Wang Rui,M,2009,China,cn
Yu Yangyi,M,2009,China,cn
"Yudin, Sergei",M,2009,Russia,ru
"Zherebukh, Yaroslav",M,2009,Ukraine,ua
Zhou Weiqi,M,2009,China,cn
"Édouard, Romain",M,2009,France,fr
"Świercz, Dariusz",M,2009,Poland,pl
Adhiban B.,M,2010,India,in
"Alavkin, Arseny",M,2010,Russia,ru
"Alsina Leal, Daniel",M,2010,Spain,es
"Alvarez Pedraza, Aramis",M,2010,Cuba,cu
"Antoniewski, Rafał",M,2010,Poland,pl
"Babujian, Levon",M,2010,Armenia,am
"Barcenilla, Rogelio",M,2010,Philippines,ph
"Brunello, Sabino",M,2010,Italy,it
"Bykhovsky, Anatoly",M,2010,Israel,il
"Can, Emre",M,2010,Turkey,tr
"Chadaev, Nikolai",M,2010,Russia,ru
"Cori, Jorge",M,2010,Peru,pe
"Danielian, Elina",F,2010,Armenia,am
"Durarbayli, Vasif",M,2010,Azerbaijan,az
"El Debs, Felipe de Cresce",M,2010,Brazil,br
"Esen, Barış",M,2010,Turkey,tr
"Flumbort, András",M,2010,Hungary,hu
"Gavrilov, Alexei",M,2010,Russia,ru
"Gonda, László",M,2010,Hungary,hu
"Grandelius, Nils",M,2010,Sweden,se
"Hovhannisyan, Robert",M,2010,Armenia,am
"Kayumov, Sergey",M,2010,Uzbekistan,uz
"Kuljašević, Davorin",M,2010,Croatia,hr
"Le Roux, Jean-Pierre",M,2010,France,fr
"Lenderman, Aleksandr",M,2010,United States,us
"Levin, Evgeny A.",M,2010,Russia,ru
"Mareco, Sandro",M,2010,Argentina,ar
"Margvelashvili, Giorgi",M,2010,Georgia,ge
"Matlakov, Maxim",M,2010,Russia,ru
"Mekhitarian, Krikor Sevag",M,2010,Brazil,br
"Nanu, Costică-Ciprian",M,2010,Romania,ro
"Nikolov, Momchil",M,2010,Bulgaria,bg
"Petrov, Marian",M,2010,Bulgaria,bg
"Podolchenko, Evgeniy",M,2010,Belarus,by
"Ponkratov, Pavel",M,2010,Russia,ru
"Prohászka, Péter",M,2010,Hungary,hu
"Rapport, Richárd",M,2010,Hungary,hu
"Robson, Ray",M,2010,United States,us
"Roussel-Roozmon, Thomas",M,2010,Canada,ca
"Salvador, Roland",M,2010,Philippines,ph
"Sengupta, Deep",M,2010,India,in
"Sharapov, Yevhen",M,2010,Ukraine,ua
Sriram Jha,M,2010,India,in
"Starostīts, Ilmārs",M,2010,Latvia,lv
"Szabó, Gergely-Andras-Gyula",M,2010,Romania,ro
"Szabó, Krisztián",M,2010,Hungary,hu
"Tadić, Branko",M,2010,Serbia,rs
"Talla, Vladimir",M,2010,Czech Republic,cz
"Tikkanen, Hans",M,2010,Sweden,se
"Toufighi, Homayoon",M,2010,Iran,ir
"Womacka, Mathias",M,2010,Germany,de
"Zablotsky, Sergei",M,2010,Russia,ru
"Zhukova, Natalia",F,2010,Ukraine,ua
"Čmilytė, Viktorija",F,2010,Lithuania,lt
"Škoberne, Jure",M,2010,Slovenia,si
"Abasov, Nijat",M,2011,Azerbaijan,az
"Antal, Gergely",M,2011,Hungary,hu
"Balog, Imre",M,2011,Hungary,hu
"Barbosa, Oliver",M,2011,Philippines,ph
"Baron, Tal",M,2011,Israel,il
"Barrientos, Sergio E.",M,2011,Colombia,co
"Bedia, Melor",M,2011,Russia,ru
"Bitoon, Richard",M,2011,Philippines,ph
"Brandenburg, Daan",M,2011,Netherlands,nl
"Bukavshin, Ivan",M,2011,Russia,ru
"Bánusz, Tamás",M,2011,Hungary,hu
"Chernobay, Artem",M,2011,Russia,ru
"Cubas, José",M,2011,Paraguay,py
"Danin, Alexandre",M,2011,Russia,ru
"Drenchev, Petar",M,2011,Bulgaria,bg
Dronavalli Harika,F,2011,India,in
"Dubov, Daniil",M,2011,Russia,ru
"Fedoseev, Vladimir",M,2011,Russia,ru
"Firman, Nazar",M,2011,Ukraine,ua
"Geller, Jakov",M,2011,Russia,ru
"Golizadeh, Asghar",M,2011,Iran,ir
"Grigorov, Grigor",M,2011,Bulgaria,bg
"Ipatov, Alexander",M,2011,Spain,es
"Janssen, Ruud",M,2011,Netherlands,nl
"Kapnisis, Spyridon",M,2011,Greece,gr
"Khmelniker, Ilya",M,2011,Israel,il
"Kosintseva, Nadezhda",F,2011,Russia,ru
"Kovalenko, Igor",M,2011,Ukraine,ua
"Krejčí, Ján",M,2011,Czech Republic,cz
"Kristjánsson, Stefán",M,2011,Iceland,is
"Krivoborodov, Egor",M,2011,Russia,ru
Lu Shanglei,M,2011,China,cn
"Martinović, Saša",M,2011,Croatia,hr
"Matsuura, Everaldo",M,2011,Brazil,br
"Michalik, Peter",M,2011,Slovakia,sk
"Nabaty, Tamir",M,2011,Israel,il
"Nyzhnyk, Illya",M,2011,Ukraine,ua
"Okhotnik, Vladimir",M,2011,France,fr
"Ortiz Suárez, Isan Reynaldo",M,2011,Cuba,cu
"Pap, Gyula",M,2011,Hungary,hu
"Pap, Miša",M,2011,Serbia,rs
"Papin, Vasily",M,2011,Russia,ru
"Papp, Gábor",M,2011,Hungary,hu
"Petr, Martin",M,2011,Czech Republic,cz
"Pridorozhni, Aleksei",M,2011,Russia,ru
"Pérez Candelario, Manuel",M,2011,Spain,es
"Rasulov, Vugar",M,2011,Azerbaijan,az
"Romanenko, Vladimir",M,2011,Belarus,by
"Sadorra, Julio Catalino",M,2011,Philippines,ph
"Sethuraman, S. P.",M,2011,India,in
"Shankland, Sam",M,2011,United States,us
"Sikula, Vaszilij",M,2011,Ukraine,ua
"Stupak, Kirill",M,2011,Belarus,by
"Van Kampen, Robin",M,2011,Netherlands,nl
"Vila Gázquez, Xavier",M,2011,Spain,es
"Volodin, Aleksandr",M,2011,Estonia,ee
"Wirig, Anthony",M,2011,France,fr
Xiu Deshun,M,2011,China,cn
"Zoler, Dan",M,2011,Israel,il
"Zubov, Oleksandr",M,2011,Ukraine,ua
"Arnold, Marc",M,2012,United States,us
"Bacallao Alonso, Yusnel",M,2012,Cuba,cu
"Batchuluun, Tsegmed",M,2012,Mongolia,mn
"Bulski, Krzysztof",M,2012,Poland,pl
"Charnushevich, Aliaksei",M,2012,France,fr
"Cruz, Cristhian",M,2012,Peru,pe
"Domogaev, Sergey",M,2012,Russia,ru
"Gabuzyan, Hovhannes",M,2012,Armenia,am
"Gorovykh, Eduard",M,2012,Russia,ru
"Gozzoli, Yannick",M,2012,France,fr
"Grover, Sahaj",M,2012,India,in
"Holt, Conrad",M,2012,United States,us
"Huschenbeth, Niclas",M,2012,Germany,de
"Kristiansen, Jens",M,2012,Denmark,dk
"Krylov, Mikhail",M,2012,Russia,ru
"Krämer, Martin",M,2012,Germany,de
Lalit Babu M. R.,M,2012,India,in
"Milov, Leonid",M,2012,Germany,de
"Muzychuk, Anna",F,2012,Slovenia,si
"Muñoz, Miguel",M,2012,Spain,es
"Neikšāns, Arturs",M,2012,Latvia,lv
"Ninov, Nikolai",M,2012,Bulgaria,bg
"Onyshchuk, Volodymyr",M,2012,Ukraine,ua
"Paichadze, Luka",M,2012,Georgia,ge
"Piorun, Kacper",M,2012,Poland,pl
"Pozo Vera, Sandro",M,2012,Cuba,cu
"Pruijssers, Roeland",M,2012,Netherlands,nl
"Pérez Mitjans, Orelvis",M,2012,Spain,es
"Pérez Ponsa, Federico",M,2012,Argentina,ar
"Sevillano, Enrico",M,2012,United States,us
"Solleveld, Maarten",M,2012,Netherlands,nl
"Stojanović, Dalibor",M,2012,Bosnia and Herzegovina,ba
"Tomczak, Jacek",M,2012,Poland,pl
"Ushenina, Anna",F,2012,Ukraine,ua
"Vaibhav, Suri",M,2012,India,in
"Venkatesh, M. R.",M,2012,India,in
Yu Ruiyuan,M,2012,China,cn
"Yılmaz, Mustafa",M,2012,Turkey,tr
"Šebenik, Matej",M,2012,Slovenia,si
"Abbasifar, Hasan",M,2013,Iran,ir
"Alonso Rosell, Alvar",M,2013,Spain,es
"Antipov, Mikhail Al.",M,2013,Russia,ru
"Antón Guijarro, David",M,2013,Spain,es
"Arnaudov, G. Petar",M,2013,Bulgaria,bg
"Bajarani, Ulvi",M,2013,Azerbaijan,az
"Baryshpolets, Andrey",M,2013,Ukraine,ua
"Belous, Vladimir",M,2013,Russia,ru
"Benidze, Davit",M,2013,Georgia,ge
"Bernášek, Jan",M,2013,Czech Republic,cz
"Blomqvist, Erik",M,2013,Sweden,se
"Darini, Pouria",M,2013,Iran,ir
"Debashis, Das",M,2013,India,in
"Demchenko, Anton",M,2013,Russia,ru
"Dragun, Kamil",M,2013,Poland,pl
"Duda, Jan-Krzysztof",M,2013,Poland,pl
"Eliseev, Urii",M,2013,Russia,ru
"Feygin, Michael",M,2013,Germany,de
"Fodor, Tamas Jr.",M,2013,Hungary,hu
Gao Rui,M,2013,China,cn
"Giaccio, Alfredo",M,2013,Argentina,ar
"Goganov, Aleksey",M,2013,Russia,ru
"Grigoryan, Karen H.",M,2013,Armenia,am
"Grétarsson, Hjörvar Steinn",M,2013,Iceland,is
"Gujrathi, Vidit",M,2013,India,in
"Gundavaa, Bayarsaikhan",M,2013,Mongolia,mn
"Gunina, Valentina",F,2013,Russia,ru
"Hansen, Eric",M,2013,Canada,ca
"Hausrath, Daniel",M,2013,Germany,de
"Hayrapetyan, Hovik",M,2013,Armenia,am
"Hungaski, Robert",M,2013,United States,us
"Ibarra Jeréz, José Carlos",M,2013,Spain,es
"Indjić, Aleksandar",M,2013,Serbia,rs
"Kharchenko, Boris",M,2013,Ukraine,ua
"Khotenashvili, Bella",F,2013,Georgia,ge
"Kore, Akshayraj",M,2013,India,in
"Kovalev, Vladislav",M,2013,Belarus,by
"Krush, Irina",F,2013,United States,us
"Lagarde, Maxime",M,2013,France,fr
"Lariño Nieto, David",M,2013,Spain,es
Ma Qun,M,2013,China,cn
"Miljković, Miroslav D.",M,2013,Serbia,rs
"Mogranzini, Roberto",M,2013,Italy,it
"Molner, Mackenzie",M,2013,United States,us
"Naroditsky, Daniel",M,2013,United States,us
"Neuman, Petr",M,2013,Czech Republic,cz
"Oparin, Grigoriy",M,2013,Russia,ru
"Popilski, Gil",M,2013,Israel,il
"Rombaldoni, Axel",M,2013,Italy,it
"Roy Chowdhury, Saptarshi",M,2013,India,in
Shyam Sundar M.,M,2013,India,in
"Smith, Bryan",M,2013,United States,us
"Tarlev, Konstantin",M,2013,Ukraine,ua
"Tazbir, Marcin",M,2013,Poland,pl
Vishnu Prasanna V.,M,2013,India,in
Wei Yi,M,2013,China,cn
"Zagorskis, Darius",M,2013,Lithuania,lt
"Zaragatski, Ilja",M,2013,Germany,de
Zeng Chongsheng,M,2013,China,cn
"Čolović, Aleksandar",M,2013,North Macedonia,mk
"Agaragimov, Djakhangir",M,2014,Azerbaijan,az
"Aghasaryan, Robert",M,2014,Armenia,am
"Arribas Lopez, Angel",M,2014,Spain,es
"Artemiev, Vladislav",M,2014,Russia,ru
"Bagrationi, Alexander",M,2014,Ukraine,ua
"Bernadskiy, Vitaliy",M,2014,Ukraine,ua
"Bok, Benjamin",M,2014,Netherlands,nl
"Boruchovsky, Avital",M,2014,Israel,il
"Bromberger, Stefan",M,2014,Germany,de
"Dambacher, Martijn",M,2014,Netherlands,nl
"Dvirnyy, Danyyil",M,2014,Italy,it
"Escobar Forero, Alder",M,2014,Colombia,co
"Glud, Jakob Vang",M,2014,Denmark,dk
"Guidarelli, Laurent",M,2014,France,fr
"Haddouche, Mohamed",M,2014,Algeria,dz
"Hawkins, Jonathan",M,2014,England,gb-eng
"Idani, Pouya",M,2014,Iran,ir
Ju Wenjun,F,2014,China,cn
"Klein, David",M,2014,Netherlands,nl
"Lorenzini, Martin",M,2014,Argentina,ar
"Maghalashvili, Davit",M,2014,Georgia,ge
"Michiels, Bart",M,2014,Belgium,be
"Mozharov, Mikhail",M,2014,Russia,ru
Nguyễn Huỳnh Minh Huy,M,2014,Vietnam,vn
Nguyễn Đức Hòa,M,2014,Vietnam,vn
"Nosenko, Alexander",M,2014,Ukraine,ua
"Obregón, Andrés Carlos",M,2014,Argentina,ar
"Pakleza, Zbigniew",M,2014,Poland,pl
"Pavlidis, Antonios",M,2014,Greece,gr
"Pavlov, Maxim",M,2014,Ukraine,ua
"Rajpara, Ankit",M,2014,India,in
"Riff, Jean-Noël",M,2014,France,fr
"Rozum, Ivan",M,2014,Russia,ru
"Semcesen, Daniel",M,2014,Sweden,se
"Sevian, Samuel",M,2014,United States,us
"Shoker, Samy",M,2014,Egypt,eg
"Sivuk, Vitaly",M,2014,Ukraine,ua
"Stern, René",M,2014,Germany,de
"Stukopin, Andrey",M,2014,Russia,ru
"Troff, Kayden",M,2014,United States,us
"Vakhidov, Jakhongir",M,2014,Uzbekistan,uz
"Žilka, Štěpán",M,2014,Czech Republic,cz
"Akbaev, Kazbek",M,2015,Russia,ru
"Alekseenko, Kirill",M,2015,Russia,ru
Aravindh Chithambaram,M,2015,India,in
"Atabayev, Maksat",M,2015,Turkmenistan,tm
Bai Jinshi,M,2015,China,cn
"Blübaum, Matthias",M,2015,Germany,de
"Bortnyk, Olexandr",M,2015,Ukraine,ua
"Burg, Twan",M,2015,Netherlands,nl
"Cuenca Jiménez, José Fernando",M,2015,Spain,es
"Demuth, Adrien",M,2015,France,fr
"Donchenko, Alexander",M,2015,Germany,de
"Georgescu, Tiberiu-Marian",M,2015,Romania,ro
"González Acosta, Bernal",M,2015,Costa Rica,cr
"Hansen, Torbjørn Ringdal",M,2015,Norway,no
"Haub, Thorsten Michael",M,2015,Germany,de
"Hevia Alejano, Carlos Antonio",M,2015,Cuba,cu
"Jayaram, Ashwin",M,2015,India,in
"Kadrić, Denis",M,2015,Bosnia and Herzegovina,ba
Karthikeyan Murali,M,2015,India,in
Liu Qingnan,M,2015,China,cn
"Mammadov, Zaur",M,2015,Azerbaijan,az
"Mihók, Olivér",M,2015,Hungary,hu
"Muzychuk, Mariya",F,2015,Ukraine,ua
"Rambaldi, Francesco",M,2015,Italy,it
"Raznikov, Danny",M,2015,Israel,il
"Richter, Michael",M,2015,Germany,de
"Ringoir, Tanguy",M,2015,Belgium,be
"Schröder, Jan-Christian",M,2015,Germany,de
"Sevdimaliyev, Urfan",M,2015,Azerbaijan,az
"Solomon, Kenneth Terence",M,2015,South Africa,za
"Stopa, Jacek",M,2015,Poland,pl
"Wagner, Dennis",M,2015,Germany,de
"Xiong, Jeffery",M,2015,United States,us
"Andersen, Mads",M,2016,Denmark,dk
"Barbosa, Evandro Amorim",M,2016,Brazil,br
"Chigaev, Maksim",M,2016,Russia,ru
"Daştan, Muhammed Batuhan",M,2016,Turkey,tr
"Deac, Bogdan-Daniel",M,2016,Romania,ro
"Dourerassou, Jonathan",M,2016,France,fr
"Forcen Esteban, Daniel",M,2016,Spain,es
"Gagare, Shardul",M,2016,India,in
"Ghosh, Diptayan",M,2016,India,in
"Gledura, Benjámin",M,2016,Hungary,hu
"Gomez Garrido, Camilo Ernesto",M,2016,Cuba,cu
"Heimann, Andreas",M,2016,Germany,de
"Hesham, Abdelrahman",M,2016,Egypt,eg
"Illingworth, Max",M,2016,Australia,au
"Kanarek, Marcel",M,2016,Poland,pl
Kannappan Priyadharshan,M,2016,India,in
"Kelires, Andreas",M,2016,Greece,gr
"Ladva, Ottomar",M,2016,Estonia,ee
Lin Chen,M,2016,China,cn
"Lomsadze, Davit",M,2016,Georgia,ge
"Ly, Moulthun",M,2016,Australia,au
"Maghsoodloo, Parham",M,2016,Iran,ir
"Moussard, Jules",M,2016,France,fr
"Narayanan, S. L.",M,2016,India,in
"Nestorović, Nikola",M,2016,Serbia,rs
"Pacher, Milan",M,2016,Slovakia,sk
"Pichot, Alan",M,2016,Argentina,ar
"Potapov, Pavel",M,2016,Russia,ru
"Pourramezanali, Amirreza",M,2016,Iran,ir
"Predke, Alexandr",M,2016,Russia,ru
"Preotu, Razvan",M,2016,Canada,ca
"Smith, Axel",M,2016,Sweden,se
"Svane, Rasmus",M,2016,Germany,de
Swapnil Dhopade,M,2016,India,in
"Tari, Aryan",M,2016,Norway,no
"Urkedal, Frode Olav Olsen",M,2016,Norway,no
"Van Foreest, Jorden",M,2016,Netherlands,nl
Wan Yunguo,M,2016,China,cn
"Yang, Darwin",M,2016,United States,us
"Yuffa, Daniil",M,2016,Russia,ru
"Zajić, Milan",M,2016,Serbia,rs
"Şanal, Vahap",M,2016,Turkey,tr
"Ali Marandi, Cemil Can",M,2017,Turkey,tr
"Arenas, David",M,2017,Colombia,co
Aryan Chopra,M,2017,India,in
"Baghdasaryan, Vahe",M,2017,Armenia,am
"Bogdanovich, Stanislav",M,2017,Ukraine,ua
"Chandra, Akshat",M,2017,United States,us
"Delorme, Axel",M,2017,France,fr
"Erdoğdu, Aziz Mert",M,2017,Turkey,tr
"Espinosa Veloz, Ermes",M,2017,Cuba,cu
Fang Yuxiang,M,2017,China,cn
"Fernandez, Daniel Howard",M,2017,England,gb-eng
"Fırat, Burak",M,2017,Turkey,tr
"Georgiadis, Nico",M,2017,Switzerland,ch
"Gordievsky, Dmitry",M,2017,Russia,ru
"Gorovets, Andrey",M,2017,Belarus,by
"Guerra Mendez, Jose Angel",M,2017,Spain,es
"Hamițevici, Vladimir",M,2017,Moldova,md
"Henriquez Villagra, Cristóbal",M,2017,Chile,cl
"Himanshu, Sharma",M,2017,India,in
"Jurčík, Marián",M,2017,Slovakia,sk
"Kantāns, Toms",M,2017,Latvia,lv
"Kobo, Ori",M,2017,Israel,il
"Kollars, Dmitrij",M,2017,Germany,de
"Konovalov, Nikolay",M,2017,Russia,ru
"Korpa, Bence",M,2017,Hungary,hu
"Krysa, Leandro",M,2017,Argentina,ar
Lei Tingjie,F,2017,China,cn
Li Ruifeng,M,2017,United States,us
"Liang, Awonder",M,2017,United States,us
"Lorparizangeneh, Shahin",M,2017,Iran,ir
"Lugovskoy, Maxim",M,2017,Russia,ru
"Martirosyan, Haik M.",M,2017,Armenia,am
"Matinian, Nikita",M,2017,Russia,ru
"Meshkovs, Nikita",M,2017,Latvia,lv
"Mhamal, Anurag",M,2017,India,in
"Mikaelyan, Arman",M,2017,Armenia,am
"Moroni, Luca Jr.",M,2017,Italy,it
"Mosadeghpour, Masoud",M,2017,Iran,ir
"Narayanan, Srinath",M,2017,India,in
"Oliva Castañeda, Kevel",M,2017,Cuba,cu
"Paravyan, David",M,2017,Russia,ru
"Petrosyan, Manuel",M,2017,Armenia,am
"Plát, Vojtěch",M,2017,Czech Republic,cz
"Puranik, Abhimanyu",M,2017,India,in
"Qashashvili, Alexandre",M,2017,Georgia,ge
"Quesada Pérez, Yasser",M,2017,Cuba,cu
"Quparadze, Giga",M,2017,Georgia,ge
"Rašík, Vitězslav",M,2017,Czech Republic,cz
"Roganović, Miloš",M,2017,Serbia,rs
"Sadzikowski, Daniel",M,2017,Poland,pl
"Salomon, Johan",M,2017,Norway,no
"Santiago, Yago De Moura",M,2017,Brazil,br
"Sarana, Alexey",M,2017,Russia,ru
"Smirnov, Anton",M,2017,Australia,au
"Steinberg, Nitzan",M,2017,Israel,il
"Stella, Andrea",M,2017,Italy,it
"Studer, Noel",M,2017,Switzerland,ch
Tan Zhongyi,F,2017,China,cn
"Thejkumar, M. S.",M,2017,India,in
"Trần, Tuấn Minh",M,2017,Vietnam,vn
"Vetoshko, Volodymyr",M,2017,Ukraine,ua
"Vorontsov, Pavlo",M,2017,Ukraine,ua
"Warakomski, Tomasz",M,2017,Poland,pl
Xu Xiangyu,M,2017,China,cn
Xu Yinglun,M,2017,China,cn
"Zaitsev, Alexander",M,2017,Russia,ru
"Ziska, Helgi Dam",M,2017,Faroe Islands,fo
"Abdusattorov, Nodirbek",M,2018,Uzbekistan,uz
"Aczél, Gergely",M,2018,Hungary,hu
"Basso, Pier Luigi",M,2018,Italy,it
"Batsiashvili, Nino",F,2018,Georgia,ge
"Bellahcene, Bilel",M,2018,France,fr
"Burke, John M.",M,2018,United States,us
"Christiansen, Johan-Sebastian",M,2018,Norway,no
"Cori Quispe, Kevin Joel",M,2018,Peru,pe
"Cuhendi, Sean Winshand",M,2018,Indonesia,id
"Diermair, Andreas",M,2018,Austria,at
"Dimitrov, Radoslav",M,2018,Bulgaria,bg
"Dragnev, Valentin",M,2018,Austria,at
"Enchev, Ivajlo",M,2018,Bulgaria,bg
Erigaisi Arjun,M,2018,India,in
"Esipenko, Andrey",M,2018,Russia,ru
"Fernandez Romero, Ernesto",M,2018,Spain,es
"Ferreira, Jorge Viterbo",M,2018,Portugal,pt
"Firouzja, Alireza",M,2018,Iran,ir
"Gallego Alcaraz, Andres Felipe",M,2018,Colombia,co
"Gascón Del Nogal, José Rafael",M,2018,Venezuela,ve
"González Pérez, Arian",M,2018,FIDE,
"Goryachkina, Aleksandra",F,2018,Russia,ru
"Hakobyan, Aram",M,2018,Armenia,am
"Hambleton, Aman",M,2018,Canada,ca
"Heinemann, Thies",M,2018,Germany,de
"Hovhannisyan, Mher",M,2018,Belgium,be
"Iljiushenok, Ilia",M,2018,Russia,ru
Karthik Venkataraman,M,2018,India,in
"Khamrakulov, Djurabek",M,2018,Uzbekistan,uz
"Kovačević, Blažimir",M,2018,Croatia,hr
"Kvon, Andrey",M,2018,Uzbekistan,uz
Liu Yan,M,2018,China,cn
"Martinez Alcantara, Jose Eduardo",M,2018,Peru,pe
"Matsenko, Sergei",M,2018,Russia,ru
"Moiseenko, Vadim",M,2018,Russia,ru
"Mons, Leon",M,2018,Germany,de
"Moskalenko, Alexander",M,2018,Russia,ru
"Nasuta, Grzegorz",M,2018,Poland,pl
Nguyễn Thái Đai Vân,M,2018,Czech Republic,cz
Nihal Sarin,M,2018,India,in
"Notkevich, Benjamin Arvola",M,2018,Norway,no
"Petrov, Nikita",M,2018,Russia,ru
"Poetsch, Hagen",M,2018,Germany,de
"Quesada Pérez, Luis Ernesto",M,2018,Cuba,cu
"Rameshbabu, Praggnanandhaa",M,2018,India,in
"Repka, Christopher",M,2018,Slovakia,sk
"Santos Latasa, Jaime",M,2018,Spain,es
"Santos Ruiz, Miguel",M,2018,Spain,es
"Saptarshi, Roy",M,2018,India,in
"Shytaj, Iart Luca",M,2018,Italy,it
"Sprenger, Jan Michael",M,2018,Germany,de
"Supi, Luis Paulo",M,2018,Brazil,br
"Tabatabaei, M. Amin",M,2018,Iran,ir
"Tan, Justin",M,2018,Australia,au
"Tang, Andrew",M,2018,United States,us
"Thorfinnsson, Bragi",M,2018,Iceland,is
"Van Foreest, Lucas",M,2018,Netherlands,nl
"Vavulin, Maxim",M,2018,Russia,ru
"Velten, Paul",M,2018,France,fr
"Zierk, Steven",M,2018,United States,us
"Šimáček, Pavel",M,2018,Czech Republic,cz
"Agüero Jiménez, Luis Lázaro",M,2019,Cuba,cu
"Albornoz Cabrera, Carlos Daniel",M,2019,Cuba,cu
"Anisimov, Pavel",M,2019,Russia,ru
"Asadli, Vugar",M,2019,Azerbaijan,az
"Asis Gargatagli, Hipolito",M,2019,Spain,es
"Baldauf, Marco",M,2019,Germany,de
"Bharathakoti, Harsha",M,2019,India,in
"Brown, Michael",M,2019,United States,us
"Checa, Nicolas",M,2019,United States,us
"Cheng, Bobby",M,2019,Australia,au
"Fawzy, Adham",M,2019,Egypt,eg
"García Pantoja, Roberto",M,2019,Cuba,cu
"Girish, A. Koushik",M,2019,India,in
Gukesh D,M,2019,India,in
"Harutyunyan, Tigran K.",M,2019,Armenia,am
"Henderson de La Fuente, Lance",M,2019,Spain,es
Iniyan P.,M,2019,India,in
Karthikeyan P.,M,2019,India,in
"Kuybokarov, Temur",M,2019,Australia,au
"Kántor, Gergely",M,2019,Hungary,hu
Li Di,M,2019,China,cn
"Matuszewski, Michał",M,2019,Poland,pl
"Miranda Mesa, Elier",M,2019,Cuba,cu
"Miron, Lucian-Costin",M,2019,Romania,ro
"Mirzoev, Emil",M,2019,Ukraine,ua
Nguyễn Anh Khôi,M,2019,Vietnam,vn
"Pecháč, Jerguš",M,2019,Slovakia,sk
"Pena Gomez, Manuel",M,2019,Spain,es
Prithu Gupta,M,2019,India,in
"Pultinevicius, Paulius",M,2019,Lithuania,lt
"Ruiz Castillo, Joshua Daniel",M,2019,Colombia,co
"Ríos Gomez, Cristhian Camilo",M,2019,Colombia,co
"Sadikhov, Ulvi",M,2019,Azerbaijan,az
"Salinas Herrera, Pablo",M,2019,Chile,cl
"Sargsyan, Shant",M,2019,Armenia,am
"Shtembuliak, Evgeny",M,2019,Ukraine,ua
"Sindarov, Javokhir",M,2019,Uzbekistan,uz
Stany G. A.,M,2019,India,in
"Swayams, Mishra",M,2019,India,in
"Sychev, Klementy",M,2019,Russia,ru
"Tsydypov, Zhamsaran",M,2019,Russia,ru
"Valsecchi, Alessio",M,2019,Italy,it
Visakh N. R.,M,2019,India,in
"Wieczorek, Oskar",M,2019,Poland,pl
Xu Yi,M,2019,China,cn
"Yakubboev, Nodirbek",M,2019,Uzbekistan,uz
Yang Kaiqi,M,2019,Canada,ca
"Zakhartsov, Vladimir",M,2019,Russia,ru
"Afanasiev, Nikita",M,2020,Russia,ru
"Akash, G.",M,2020,India,in
"Batsüren, Dambasürengiin",M,2020,Mongolia,mn
"Bilgüün, Sumiya",M,2020,Mongolia,mn
"Bjerre, Jonas Buhl",M,2020,Denmark,dk
"Bocharov, Ivan",M,2020,Russia,ru
"Demidov, Mikhail",M,2020,Russia,ru
"Engel, Luis",M,2020,Germany,de
"Flom, Gabriel",M,2020,France,fr
"Gholami, Aryan",M,2020,Iran,ir
"Goh, Wei Ming Kevin",M,2020,Singapore,sg
"Golubka, Petro",M,2020,Ukraine,ua
"Ibarra Chami, Luís Fernando",M,2020,Mexico,mx
"Iskandarov, Misratdin",M,2020,Azerbaijan,az
"Ivić, Velimir",M,2020,Serbia,rs
"Jacobson, Brandon",M,2020,United States,us
"Keymer, Vincent",M,2020,Germany,de
"Khegay, Dmitriy",M,2020,Russia,ru
"Klekowski, Maciej",M,2020,Poland,pl
"Kozák, Ádám",M,2020,Hungary,hu
"Krzyżanowski, Marcin",M,2020,Poland,pl
"Lampert, Jonas",M,2020,Germany,de
"Leniart, Arkadiusz",M,2020,Poland,pl
"Munkhgal, Gombosuren",M,2020,Mongolia,mn
"Nagy, Gábor",M,2020,Hungary,hu
"Nasanjargal, Urtnasan",M,2020,Mongolia,mn
"Nesterov, Arseniy",M,2020,Russia,ru
Nguyễn Văn Huy,M,2020,Vietnam,vn
"Obregon Rivero, Juan Carlos",M,2020,Cuba,cu
"Omelja, Artem",M,2020,Ukraine,ua
"Priasmoro, Novendra",M,2020,Indonesia,id
"Sadhwani, Raunak",M,2020,India,in
"Schoppen, Casper",M,2020,Netherlands,nl
"Stremavičius, Titas",M,2020,Lithuania,lt
"Ten Hertog, Hugo",M,2020,Netherlands,nl
"Thybo, Jesper Søndergaard",M,2020,Denmark,dk
"Tilicheev, Viacheslav",M,2020,Russia,ru
"Tristán, Leonardo",M,2020,Argentina,ar
"Vera Sigueñas, Deivy",M,2020,Peru,pe
"Vokhidov, Shamsiddin",M,2020,Uzbekistan,uz
"Zaibi, Amir",M,2020,Tunisia,tn
"Zanan, Evgeny",M,2020,Israel,il
"Abdumalik, Zhansaya",F,2021,Kazakhstan,kz
"Balakrishnan, Praveen",M,2021,United States,us
"Budisavljević, Luka",M,2021,Serbia,rs
"Caspi, Israel",M,2021,Israel,il
"Dardha, Daniel",M,2021,Belgium,be
"Drygalov, Andrey",M,2021,Russia,ru
"Girya, Olga",F,2021,Russia,ru
"Gumularz, Szymon",M,2021,Poland,pl
"Hong, Andrew",M,2021,United States,us
"Jarmuła, Łukasz",M,2021,Poland,pl
"Kalyan, Arjun",M,2021,India,in
"Kevlishvili, Robby",M,2021,Netherlands,nl
"Kjartansson, Guðmundur",M,2021,Iceland,is
"Laurušas, Tomas",M,2021,Lithuania,lt
"Lodici, Lorenzo",M,2021,Italy,it
"Lomasov, Semyon",M,2021,Russia,ru
"Makhnev, Denis",M,2021,Kazakhstan,kz
"Maurizzi, Marc Andria",M,2021,France,fr
"Mendonca, Leon Luke",M,2021,India,in
"Mishra, Abhimanyu",M,2021,United States,us
"Niemann, Hans Moke",M,2021,United States,us
"Ratković, Miloje",M,2021,Serbia,rs
"Sheng, Joshua",M,2021,United States,us
"Sonis, Francesco",M,2021,Italy,it
"Sorokin, Aleksey",M,2021,Russia,ru
"Suleymanli, Aydin",M,2021,Azerbaijan,az
"Theodorou, Nikolas",M,2021,Greece,gr
"Warmerdam, Max",M,2021,Netherlands,nl
"Westerberg, Jonathan",M,2021,Sweden,se
"Annaberdiyev, Meylis",M,2022,Turkmenistan,tm
"Bailet, Pierre",M,2022,France,fr
"Blohberger, Felix",M,2022,Austria,at
"Brodsky, David",M,2022,United States,us
"Bryakin, Mikhail",M,2022,Russia,ru
"Cardoso Cardoso, Jose Gabriel",M,2022,Colombia,co
"Daggupati, Balaji",M,2022,United States,us
"Drašković, Luka",M,2022,Montenegro,me
"Drygalov, Sergey",M,2022,Russia,ru
"Fernandez, Daniel",M,2022,United States,us
"Gadimbayli, Abdulla",M,2022,Azerbaijan,az
"Galperin, Platon",M,2022,Ukraine,ua
"Gažík, Viktor",M,2022,Slovakia,sk
"Gines Esteo, Pedro Antonio",M,2022,Spain,es
"Haria, Ravi",M,2022,England,gb-eng
"Hauge, Lars Oskar",M,2022,Norway,no
"Huerga Leache, Mikel",M,2022,Spain,es
"Janik, Igor",M,2022,Poland,pl
"Kazakouski, Valery",M,2022,Lithuania,lt
"Lazavik, Denis",M,2022,Belarus,by
"Livaić, Leon",M,2022,Croatia,hr
"Lobanov, Sergei",M,2022,Russia,ru
Lê Tuấn Minh,M,2022,Vietnam,vn
"Matviishen, Viktor",M,2022,Ukraine,ua
"Mitrabha, Guha",M,2022,India,in
"Mousavi, Seyed Khalil",M,2022,Iran,ir
"Muradli, Mahammad",M,2022,Azerbaijan,az
"Murzin, Volodar",M,2022,Russia,ru
"Nikitenko, Mihail",M,2022,Belarus,by
"Peng, Li Min",M,2022,Ukraine,ua
"Petkov, Momchil",M,2022,Bulgaria,bg
"Petrov, Martin",M,2022,Bulgaria,bg
Pranav Anand,M,2022,India,in
"Pranav, V",M,2022,India,in
"Pähtz, Elisabeth",F,2022,Germany,de
"Quintiliano, Renato R.",M,2022,Brazil,br
Rahul Srivatshav P,M,2022,India,in
Raja Harshit,M,2022,India,in
Raja Rithvik R,M,2022,India,in
Sankalp Gupta,M,2022,India,in
"Schitco, Ivan",M,2022,Moldova,md
"Sochacki, Christophe",M,2022,France,fr
"Sosa, Tomas",M,2022,Argentina,ar
"Sturt, Raven",M,2022,United States,us
"Subramaniyam, Bharath",M,2022,India,in
"Svane, Frederik",M,2022,Germany,de
"Tin, Jingyao",M,2022,Singapore,sg
"Vernay, Clovis",M,2022,France,fr
"Vrolijk, Liam",M,2022,Netherlands,nl
"Vázquez, Guillermo",M,2022,Paraguay,py
"Yankelevich, Lev",M,2022,Germany,de
"Yoo, Christopher Woojin",M,2022,United States,us
"Yılmazyerli, Mert",M,2022,Turkey,tr
"Abdisalimov, Abdimalik",M,2023,Uzbekistan,uz
Aditya Mittal,M,2023,India,in
"Ahmad, Al Khatib",M,2023,Jordan,jo
"Ahmadzada, Ahmad",M,2023,Azerbaijan,az
"Atabayev, Yusup",M,2023,Turkmenistan,tm
"Avila Pavas, Santiago",M,2023,Colombia,co
"Beerdsen, Thomas",M,2023,Netherlands,nl
"Berdayes Ason, Dylan Isidro",M,2023,Cuba,cu
"Dai, Changren",M,2023,China,cn
"Daneshvar, Bardiya",M,2023,Iran,ir
"Das, Sayantan",M,2023,India,in
"Dudin, Gleb",M,2023,Hungary,hu
"Galyas, Miklós",M,2023,Hungary,hu
"Gavrilescu, David",M,2023,Romania,ro
"Gharibyan, Mamikon",M,2023,Armenia,am
"Gorshtein, Ido",M,2023,Israel,il
"Guo, Arthur",M,2023,United States,us
"Gökerkan, Cem Kaan",M,2023,Turkey,tr
"Ioannidis, Evgenios",M,2023,Greece,gr
"Kacharava, Nikolozi",M,2023,Georgia,ge
"Khanin, Semen",M,2023,Russia,ru
"Kourkoulos-Arditis, Stamatis",M,2023,Greece,gr
Koustav Chatterjee,M,2023,India,in
"Laurent-Paoli, Pierre",M,2023,France,fr
"Leenhouts, Koen",M,2023,Netherlands,nl
"Lubbe, Nikolas",M,2023,Germany,de
"Nigmatov, Ortik",M,2023,Uzbekistan,uz
"Ochsner, Bjorn Moller",M,2023,Denmark,dk
"Ohanyan, Emin",M,2023,Armenia,am
Peng Xiongjian,M,2023,China,cn
Pranesh M,M,2023,India,in
Prraneeth Vuppala,M,2023,India,in
"Samant, Aditya",M,2023,India,in
"Samunenkov, Ihor",M,2023,Ukraine,ua
"Song, Raymond",M,2023,Taiwan,tw
"Stefansson, Vignir Vatnar",M,2023,Iceland,is
"Suleymenov, Alisher",M,2023,Kazakhstan,kz
"Teclaf, Paweł",M,2023,Poland,pl
Vignesh N. R.,M,2023,India,in
Zhu Jiner,F,2023,China,cn
"Šubelj, Jan",M,2023,Slovenia,si
"Amar, Elham",M,2024,Norway,no
"Bogdanov, Egor",M,2024,Ukraine,ua
"Castellanos Rodriguez, Renier",M,2024,Spain,es
"Dückstein, Andreas",M,2024,Austria,at
"Erdoğmuş, Yağız Kaan",M,2024,Turkey,tr
"Escalante Ramírez, Brian",M,2024,Peru,pe
"Garriga Cazorla, Pere",M,2024,Spain,es
"Ghasi, Ameet K",M,2024,England,gb-eng
"Ghazarian, Kirk",M,2024,United States,us
"Gholami Orimi, Mahdi",M,2024,Iran,ir
"Girel, Joseph",M,2024,France,fr
"Grebnev, Aleksey",M,2024,Russia,ru
"Gürel, Ediz",M,2024,Turkey,tr
"Horvath, Dominik",M,2024,Austria,at
"Khan, Sultan",M,2024,Pakistan,pk
"Kraus, Tomáš",M,2024,Czech Republic,cz
"Lamard, Guillaume",M,2024,France,fr
"Madaminov, Mukhiddin",M,2024,Uzbekistan,uz
"Movahed, Sina",M,2024,Iran,ir
"Nei, Iivo",M,2024,Estonia,ee
"Nogerbek, Kazybek",M,2024,Kazakhstan,kz
"Parkhov, Yair",M,2024,Israel,il
"Quizon, Daniel",M,2024,Philippines,ph
"Rameshbabu, Vaishali",F,2024,India,in
"Rodrigue-Lemieux, Shawn",M,2024,Canada,ca
"Royal, Shreyas",M,2024,England,gb-eng
Shyaam Nikhil P,M,2024,India,in
"Siddharth, Jagadeesh",M,2024,Singapore,sg
"Sokolovsky, Yahli",M,2024,Israel,il
"Tiglon, Bryce",M,2024,United States,us
"Vetokhin, Savva",M,2024,FIDE,
"Vogel, Roven",M,2024,Germany,de
"Woodward, Andy",M,2024,United States,us
"Xiao, Tong",M,2024,China,cn
"Zemlyanskii, Ivan",M,2024,Russia,ru
"Zhalmakhanov, Ramazan",M,2024,Kazakhstan,kz
Aarav Dengla,M,2025,India,in
"Alexakis, Dimitris",M,2025,Greece,gr
"Assaubayeva, Bibisara",F,2025,Kazakhstan,kz
"Atabayev, Saparmyrat",M,2025,Turkmenistan,tm
"Bora, Safal",M,2025,United States,us
"Boyer, Mahel",M,2025,France,fr
"Can, Işık",M,2025,Turkey,tr
"Costa, Leonardo",M,2025,Germany,de
Divya Deshmukh,F,2025,India,in
"Druska, Juraj",M,2025,Slovakia,sk
"Galaviz Medina, Sion Radamantys",M,2025,Mexico,mx
"Hardaway, Brewington",M,2025,United States,us
Harikrishnan A. Ra.,M,2025,India,in
"Haring, Filip",M,2025,Slovakia,sk
"Heimann, Mark",M,2025,United States,us
"Holm, Kristian Stuvik",M,2025,Norway,no
"Kandil, Adham",M,2025,Egypt,eg
"Klimkowski, Jan",M,2025,Poland,pl
"Kosakowski, Jakub",M,2025,Poland,pl
"Koziak, Vitali",M,2025,Ukraine,ua
"Kramer, Julian",M,2025,Germany,de
"Kvaløy, Aksel Bu",M,2025,Norway,no
"Lashkin, Jegor",M,2025,Moldova,md
"Makarian, Rudik",M,2025,Russia,ru
"Maksimović, Bojan",M,2025,Bosnia and Herzegovina,ba
"Malek, Jan",M,2025,Poland,pl
"Mamedov, Edgar",M,2025,Kazakhstan,kz
"Noe, Christopher",M,2025,Germany,de
"Pang, Tao",M,2025,China,cn
"Pijpers, Arthur",M,2025,Netherlands,nl
Raahul V S,M,2025,India,in
Rohith Krishna S,M,2025,India,in
"Seemann, Jakub",M,2025,Poland,pl
Srihari L R,M,2025,India,in
"Szpar, Miłosz",M,2025,Poland,pl
"Tsaruk, Maksim",M,2025,Belarus,by
"Uskov, Artem",M,2025,FIDE,
"Wadsworth, Matthew",M,2025,England,gb-eng
"Xue, Haowen",M,2025,China,cn
"Yeoh, Li Tian",M,2025,Malaysia,my
"Zhao, Chenxi",M,2025,China,cn
Aaryan Varshney,M,2026,India,in
"Ansat, Aldiyar",M,2026,Kazakhstan,kz
"Chasin, Nico",M,2026,United States,us
"Davtyan, Artur",M,2026,Armenia,am
"Dehtiarov, Roman",M,2026,Ukraine,ua
"Deuer, Marius",M,2026,Germany,de
"Elias Reyes, Jorge Roberto",M,2026,Cuba,cu
Ilamparthi A R,M,2026,India,in
"Khubukshanov, Erdem",M,2026,FIDE,
"Kong, Xiangrui",M,2026,China,cn
"Ratković, Milovan",M,2026,Serbia,rs
"Shubin, Kirill",M,2026,FIDE,
"Tzidkiya, Yeshaayahu",M,2026,Israel,il
